junction_id,barcode_forward,barcode_reverse_complement
1,TTTGGTTGTTGGGTTGTGTG,CACACAACCCAACAACCAAA
2,TTGTGTGGTTGTGGGGTTGG,CCAACCCCACAACCACACAA
3,TTGTGTTGTGGTGTTGGGGT,ACCCCAACACCACAACACAA
4,TTGGGGTGTGTTTGTGTGTT,AACACACAAACACACCCCAA
5,GTGGTTTGGTGGTTGGGTGG,CCACCCAACCACCAAACCAC
6,TTTGCGGGTTTTCGGGTTTC,GAAACCCGAAAACCCGCAAA
7,TTGCGGTGTTTCGGTGTTCC,GGAACACCGAAACACCGCAA
8,TTGGTCGGTTGGCCGGTTGT,ACAACCGGCCAACCGACCAA
9,CGGTTGTGCGGTTGTTCGGT,ACCGAACAACCGCACAACCG
10,GTTGCCCGGTTTGGCGGTTT,AAACCGCCAAACCGGGCAAC
11,TTCGCCGGTTCTGCGGTTCT,AGAACCGCAGAACCGGCGAA
12,CGGTTCTTCGGTTCTCCGGT,ACCGGAGAACCGAAGAACCG
13,TCTTGCGGTCTTTCGGTCTT,AAGACCGAAAGACCGCAAGA
14,TTGTCGGCTTGCCGGCTTTG,CAAAGCCGGCAAGCCGACAA
15,GGCTTTGCGGCTTTTCGGCT,AGCCGAAAAGCCGCAAAGCC
16,GTGGTTGCGTGGTTTCGTGG,CCACGAAACCACGCAACCAC
17,TGGCCGTGTGTGCGTGTGTT,AACACACGCACACACGGCCA
18,GTGTGTTCGTGTGTCCGTGT,ACACGGACACACGAACACAC
19,GTTGGCGTGTTGTCGTGTTG,CAACACGACAACACGCCAAC
20,CGTGTTGCCGTGTTTGCGTG,CACGCAAACACGGCAACACG
21,TTGCGTGTTTTCGTGTTTCC,GGAAACACGAAAACACGCAA
22,TGTTTCCGTGTTCCCGTGTC,GACACGGGAACACGGAAACA
23,TCTGCGTGTCTTCGTGTCTC,GAGACACGAAGACACGCAGA
24,CCGTGCTTGCGTGCTTTCGT,ACGAAAGCACGCAAGCACGG
25,CTTTCGTGCTTCCGTGCTCC,GGAGCACGGAAGCACGAAAG
26,CGTTGGTGCGTTGGTTCGTT,AACGAACCAACGCACCAACG
27,TTGGCCCGTTGTGGCGTTGT,ACAACGCCACAACGGGCCAA
28,GCGTTGTGTCGTTGTGCCGT,ACGGCACAACGACACAACGC
29,GTGCCGTTGTTGCGTTGTTT,AAACAACGCAACAACGGCAC
30,GTTGTTTCGTTGTTCCGTTG,CAACGGAACAACGAAACAAC
31,CGTTGCTTCGTTGCTCCGTT,AACGGAGCAACGAAGCAACG
32,TTTGGGCGTTTGGTCGTTTG,CAAACGACCAAACGCCCAAA
33,TCGTTTGGCCGTTTGTGCGT,ACGCACAAACGGCCAAACGA
34,TGTGCGTTTGTTCGTTTGTC,GACAAACGAACAAACGCACA
35,GTTTGTCCGTTTGCCCGTTT,AAACGGGCAAACGGACAAAC
36,CCCGTTTTGGCGTTTTGTCG,CGACAAAACGCCAAAACGGG
37,TTTTCCCGTTTCGCCGTTTC,GAAACGGCGAAACGGGAAAA
38,CCGTTTCTGCGTTTCTTCGT,ACGAAGAAACGCAGAAACGG
39,TCTTCGTTTCTCCGTTTCCC,GGGAAACGGAGAAACGAAGA
40,CGTTCTGTCGTTCTGCCGTT,AACGGCAGAACGACAGAACG
41,TGCCGTTCTTGCGTTCTTTC,GAAAGAACGCAAGAACGGCA
42,TTCTTTCGTTCTTCCGTTCT,AGAACGGAAGAACGAAAGAA
43,CGTCGTTGCGTCGTTTCGTC,GACGAAACGACGCAACGACG
44,TTTCGTCGTTCCGTCGTCCC,GGGACGACGGAACGACGAAA
45,CTGTTCGTCTGTCCGTCTGC,GCAGACGGACAGACGAACAG
46,TGGCGTCTTGTCGTCTTGCC,GGCAAGACGACAAGACGCCA
47,TCTTGCCGTCTTTGCGTCTT,AAGACGCAAAGACGGCAAGA
48,GCGTCTTTTCGTCTTTCCGT,ACGGAAAGACGAAAAGACGC
49,TTTCCGTCTTCCCGTCTCGC,GCGAGACGGGAAGACGGAAA
50,TGCGTCTCTTCGTCTCTCCG,CGGAGAGACGAAGAGACGCA
51,TGCGCGGTTTCTCGGTTTCG,CGAAACCGAGAAACCGCGCA
52,TGTGCGCGTGTTCTCGTGTT,AACACGAGAACACGCGCACA
53,CGTTTGCTCGTTTGCGCGTT,AACGCGCAAACGAGCAAACG
54,GCGCGTTTTCTCGTTTTCGC,GCGAAAACGAGAAAACGCGC
55,TTTTCGCGTTTCCGCGTTCC,GGAACGCGGAAACGCGAAAA
56,CTGCGCGTCTTCTCGTCTTC,GAAGACGAGAAGACGCGCAG
57,CTTTCTCGCTTTCGCGCTTC,GAAGCGCGAAAGCGAGAAAG
58,GCTGTTGCGCTGTTTCGCTG,CAGCGAAACAGCGCAACAGC
59,TGCGCTTGTTCGCTTGTCCG,CGGACAAGCGAACAAGCGCA
60,TTGTCCGCTTGCCCGCTTTG,CAAAGCGGGCAAGCGGACAA
61,CGCTTTGGCGCTTTGTCGCT,AGCGACAAAGCGCCAAAGCG
62,TGTCGCTTTGCCGCTTTTGC,GCAAAAGCGGCAAAGCGACA
63,TCGCTTTTCCGCTTTCCCGC,GCGGGAAAGCGGAAAAGCGA
64,TTCTTCGCTTCTCCGCTTCC,GGAAGCGGAGAAGCGAAGAA
65,TCTTGCGCTCTTTCGCTCTT,AAGAGCGAAAGAGCGCAAGA
66,TTGCTGGGTTTCTGGGTTCC,GGAACCCAGAAACCCAGCAA
67,GTGTGCTGGTGTTCTGGTGT,ACACCAGAACACCAGCACAC
68,GGTTGTCTGGTTGCCTGGTT,AACCAGGCAACCAGACAACC
69,CCTGGTTTGCTGGTTTTCTG,CAGAAAACCAGCAAACCAGG
70,TTTTCTGGTTTCCTGGTTCC,GGAACCAGGAAACCAGAAAA
71,CCTGGCTTGCTGGCTTTCTG,CAGAAAGCCAGCAAGCCAGG
72,CTTTCTGGCTTCCTGGCTCC,GGAGCCAGGAAGCCAGAAAG
73,CTGTGGTGCTGTGGTTCTGT,ACAGAACCACAGCACCACAG
74,GCTGTGTGTCTGTGTGCCTG,CAGGCACACAGACACACAGC
75,GTGCCTGTGTTGCTGTGTTT,AAACACAGCAACACAGGCAC
76,TGTGTTTCTGTGTTCCTGTG,CACAGGAACACAGAAACACA
77,GTTGGCCTGTTGTGCTGTTG,CAACAGCACAACAGGCCAAC
78,GCTGTTGTTCTGTTGTCCTG,CAGGACAACAGAACAACAGC
79,TGTCCTGTTGCCCTGTTTGG,CCAAACAGGGCAACAGGACA
80,TGTTTGGCTGTTTGTCTGTT,AACAGACAAACAGCCAAACA
81,GTCTGTTTGCCTGTTTTGCT,AGCAAAACAGGCAAACAGAC
82,CTGTTTTCCTGTTTCCCTGT,ACAGGGAAACAGGAAAACAG
83,TCCCTGTTCGCCTGTTCTCC,GGAGAACAGGCGAACAGGGA
84,GTTCTCCTGTTCCCCTGTCG,CGACAGGGGAACAGGAGAAC
85,TGTCTGCCTGTCTTGCTGTC,GACAGCAAGACAGGCAGACA
86,TGCTGTCTTTCTGTCTTCCT,AGGAAGACAGAAAGACAGCA
87,TCTTCCTGTCTCCCTGTCCC,GGGACAGGGAGACAGGAAGA
88,TCTGTGCTGCTGTTCTTCTG,CAGAAGAACAGCAGCACAGA
89,TCTTCTGTTCTGCTGTCCTG,CAGGACAGCAGAACAGAAGA
90,TGCTTGGCTGCTTGTCTGCT,AGCAGACAAGCAGCCAAGCA
91,GTCTGCTTGCCTGCTTTGCT,AGCAAAGCAGGCAAGCAGAC
92,CTTTGCTGCTTTTCTGCTTT,AAAGCAGAAAAGCAGCAAAG
93,CTGCTTTCCTGCTTCCCTGC,GCAGGGAAGCAGGAAAGCAG
94,CTTGGGTGCTTGGGTTCTTG,CAAGAACCCAAGCACCCAAG
95,GCTTGGTGTCTTGGTGCCTT,AAGGCACCAAGACACCAAGC
96,GTGCCTTGGTTGCTTGGTTT,AAACCAAGCAACCAAGGCAC
97,TTGGTTTCTTGGTTCCTTGG,CCAAGGAACCAAGAAACCAA
98,TGTGGCCTTGTGTGCTTGTG,CACAAGCACACAAGGCCACA
99,GCTTGTGTTCTTGTGTCCTT,AAGGACACAAGAACACAAGC
100,TGTCCTTGTGCCCTTGTTGG,CCAACAAGGGCACAAGGACA
101,TTGTTGGCTTGTTGTCTTGT,ACAAGACAACAAGCCAACAA
102,GTCTTGTTGCCTTGTTTGCT,AGCAAACAAGGCAACAAGAC
103,CTTGTTTCCTTGTTCCCTTG,CAAGGGAACAAGGAAACAAG
104,TCCCTTGTCGCCTTGTCTCC,GGAGACAAGGCGACAAGGGA
105,TGTCTCCTTGTCCCCTTGCG,CGCAAGGGGACAAGGAGACA
106,TTGGGCCTTTGGTGCTTTGG,CCAAAGCACCAAAGGCCCAA
107,GCTTTGGTTCTTTGGTCCTT,AAGGACCAAAGAACCAAAGC
108,GGTCCTTTGGCCCTTTGTGG,CCACAAAGGGCCAAAGGACC
109,TTTGTGGCTTTGTGTCTTTG,CAAAGACACAAAGCCACAAA
110,GTCTTTGTGCCTTTGTTGCT,AGCAACAAAGGCACAAAGAC
111,CTTTGTTCCTTTGTCCCTTT,AAAGGGACAAAGGAACAAAG
112,TCCCTTTGCGCCTTTGCTCC,GGAGCAAAGGCGCAAAGGGA
113,TTGCTCCTTTGCCCCTTTTG,CAAAAGGGGCAAAGGAGCAA
114,CCTTTTGGGCTTTTGGTCTT,AAGACCAAAAGCCCAAAAGG
115,TGGTCTTTTGGCCTTTTGTG,CACAAAAGGCCAAAAGACCA
116,TTCTTTTGTCCTTTTGCCCT,AGGGCAAAAGGACAAAAGAA
117,TCGCCTTTTCTCCTTTTCCC,GGGAAAAGGAGAAAAGGCGA
118,TTTTCCCCTTTCGGCCTTTC,GAAAGGCCGAAAGGGGAAAA
119,GCCTTTCGTCCTTTCGCCCT,AGGGCGAAAGGACGAAAGGC
120,TCGCCCTTTCTGCCTTTCTT,AAGAAAGGCAGAAAGGGCGA
121,CTTTCTTCCTTTCTCCCTTT,AAAGGGAGAAAGGAAGAAAG
122,GTGCCTTCGTTCCTTCGTCC,GGACGAAGGAACGAAGGCAC
123,CTTCTGTCCTTCTGCCCTTC,GAAGGGCAGAAGGACAGAAG
124,GCCCTTCTTGGCTTCTTGTC,GACAAGAAGCCAAGAAGGGC
125,TCTTGTCTTCTTGCCTTCTT,AAGAAGGCAAGAAGACAAGA
126,TTCTTCCCTTCTCGCCTTCT,AGAAGGCGAGAAGGGAAGAA
127,GCCTTCTCTCCTTCTCCCCT,AGGGGAGAAGGAGAGAAGGC
128,TGCCTCGTTTCCTCGTTCCC,GGGAACGAGGAAACGAGGCA
129,GCTCTGGTTCTCTGGTCCTC,GAGGACCAGAGAACCAGAGC
130,TCTGTGGCTCTGTGTCTCTG,CAGAGACACAGAGCCACAGA
131,GTCTCTGTGCCTCTGTTGCT,AGCAACAGAGGCACAGAGAC
132,TGTTGCTCTGTTTCTCTGTT,AACAGAGAAACAGAGCAACA
133,CTCTGTTCCTCTGTCCCTCT,AGAGGGACAGAGGAACAGAG
134,CTGCTGCTCTGCTTCTCTGC,GCAGAGAAGCAGAGCAGCAG
135,TCTTGGTCTCTTGGCCTCTT,AAGAGGCCAAGAGACCAAGA
136,GCCTCTTGTGCTCTTGTTCT,AGAACAAGAGCACAAGAGGC
137,TTGTTCTCTTGTCCTCTTGC,GCAAGAGGACAAGAGAACAA
138,CTCTTGCCCTCTTTGGCTCT,AGAGCCAAAGAGGGCAAGAG
139,TGGCTCTTTGTCTCTTTGCC,GGCAAAGAGACAAAGAGCCA
140,CTTTGCCTCTTTTGCTCTTT,AAAGAGCAAAAGAGGCAAAG
141,TTTCCTCTTTCCCTCTTCGC,GCGAAGAGGGAAAGAGGAAA
142,TCTTCGCCTCTTCTGCTCTT,AAGAGCAGAAGAGGCGAAGA
143,TTCTCCTCTTCCCCTCTCGG,CCGAGAGGGGAAGAGGAGAA
144,CTCTGGCTCTCTGTCTCTCT,AGAGAGACAGAGAGCCAGAG
145,TCTCTCTGCCTCTCTTGCTC,GAGCAAGAGAGGCAGAGAGA
146,CTTGCTCTCTTTCTCTCTTC,GAAGAGAGAAAGAGAGCAAG
147,TCTCTTCCTCTCTCCCTCTC,GAGAGGGAGAGAGGAAGAGA
148,CCTCCTTTCCTCCTTCCCTC,GAGGGAAGGAGGAAAGGAGG
149,GAACCCCTTCACCCCTTGAC,GTCAAGGGGTGAAGGGGTTC
150,CCTTGACCCCTTTACCCCTT,AAGGGGTAAAGGGGTCAAGG
151,ACCCCTTAACCCCTAAACCC,GGGTTTAGGGGTTAAGGGGT
152,TCTACCCGTCAACCCGTGCA,TGCACGGGTTGACGGGTAGA
153,GTGAACCCGTTCACCCGTTG,CAACGGGTGAACGGGTTCAC
154,TTACCCGTTAACCCGTAAAC,GTTTACGGGTTAACGGGTAA
155,CACCCGATGACCCGATTACC,GGTAATCGGGTCATCGGGTG
156,CACCCTCTGACCCTCTTACC,GGTAAGAGGGTCAGAGGGTG
157,TCTTACCCTCTAACCCTCAA,TTGAGGGTTAGAGGGTAAGA
158,CACCCTGTGACCCTGTTACC,GGTAACAGGGTCACAGGGTG
159,TGTTACCCTGTAACCCTGAA,TTCAGGGTTACAGGGTAACA
160,CCCTGAAACCCTTCCACCCT,AGGGTGGAAGGGTTTCAGGG
161,CCACCCTTCGACCCTTCTAC,GTAGAAGGGTCGAAGGGTGG
162,CTTCTACCCTTCAACCCTTG,CAAGGGTTGAAGGGTAGAAG
163,TGGACCCTTGTACCCTTGAA,TTCAAGGGTACAAGGGTCCA
164,CCTTGAACCCTTTCACCCTT,AAGGGTGAAAGGGTTCAAGG
165,CACCCTTTGACCCTTTTACC,GGTAAAAGGGTCAAAGGGTG
166,CCCTTAAACCCTACAACCCT,AGGGTTGTAGGGTTTAAGGG
167,CAACCCTAGCACCCTAGGAC,GTCCTAGGGTGCTAGGGTTG
168,CTAGGACCCTAGTACCCTAG,CTAGGGTACTAGGGTCCTAG
169,ACCCTAGAACCCTATCACCC,GGGTGATAGGGTTCTAGGGT
170,ATCACCCTATGACCCTATTA,TAATAGGGTCATAGGGTGAT
171,CCTATTACCCTATAACCCTA,TAGGGTTATAGGGTAATAGG
172,TCACCCACTGACCCACTTAC,GTAAGTGGGTCAGTGGGTGA
173,TCACCCAGTGACCCAGTTAC,GTAACTGGGTCACTGGGTGA
174,TCCACCCATCGACCCATCTA,TAGATGGGTCGATGGGTGGA
175,CCATCTACCCATCAACCCAT,ATGGGTTGATGGGTAGATGG
176,AACCCATGCACCCATGGACC,GGTCCATGGGTGCATGGGTT
177,ATGGACCCATGTACCCATGA,TCATGGGTACATGGGTCCAT
178,CCCATGAACCCATTCACCCA,TGGGTGAATGGGTTCATGGG
179,TCACCCATTGACCCATTTAC,GTAAATGGGTCAATGGGTGA
180,GAACCGCTTCACCGCTTGAC,GTCAAGCGGTGAAGCGGTTC
181,GCTTGACCGCTTTACCGCTT,AAGCGGTAAAGCGGTCAAGC
182,ACCGCTTAACCGCTAAACCG,CGGTTTAGCGGTTAAGCGGT
183,TCTACCGGTCAACCGGTGCA,TGCACCGGTTGACCGGTAGA
184,CACCGGATGACCGGATTACC,GGTAATCCGGTCATCCGGTG
185,CACCGTCTGACCGTCTTACC,GGTAAGACGGTCAGACGGTG
186,TCTTACCGTCTAACCGTCAA,TTGACGGTTAGACGGTAAGA
187,CACCGTGTGACCGTGTTACC,GGTAACACGGTCACACGGTG
188,TGTTACCGTGTAACCGTGAA,TTCACGGTTACACGGTAACA
189,CCGTGAAACCGTTCCACCGT,ACGGTGGAACGGTTTCACGG
190,CCACCGTTCGACCGTTCTAC,GTAGAACGGTCGAACGGTGG
191,GTTCTACCGTTCAACCGTTG,CAACGGTTGAACGGTAGAAC
192,TGGACCGTTGTACCGTTGAA,TTCAACGGTACAACGGTCCA
193,CGTTGAACCGTTTCACCGTT,AACGGTGAAACGGTTCAACG
194,CACCGTTTGACCGTTTTACC,GGTAAAACGGTCAAACGGTG
195,CCGTTAAACCGTACAACCGT,ACGGTTGTACGGTTTAACGG
196,CAACCGTAGCACCGTAGGAC,GTCCTACGGTGCTACGGTTG
197,GTAGGACCGTAGTACCGTAG,CTACGGTACTACGGTCCTAC
198,ACCGTAGAACCGTATCACCG,CGGTGATACGGTTCTACGGT
199,ATCACCGTATGACCGTATTA,TAATACGGTCATACGGTGAT
200,CGTATTACCGTATAACCGTA,TACGGTTATACGGTAATACG
201,GACTCACCGACTGACCGACT,AGTCGGTCAGTCGGTGAGTC
202,ACCGACTTACCGACTAACCG,CGGTTAGTCGGTAAGTCGGT
203,GAGTCACCGAGTGACCGAGT,ACTCGGTCACTCGGTGACTC
204,ACCGAGTTACCGAGTAACCG,CGGTTACTCGGTAACTCGGT
205,CGATCCACCGATCGACCGAT,ATCGGTCGATCGGTGGATCG
206,GACCGATCTACCGATCAACC,GGTTGATCGGTAGATCGGTC
207,ATCAACCGATGCACCGATGG,CCATCGGTGCATCGGTTGAT
208,CCGATGGACCGATGTACCGA,TCGGTACATCGGTCCATCGG
209,GTACCGATGAACCGATTCAC,GTGAATCGGTTCATCGGTAC
210,GATTCACCGATTGACCGATT,AATCGGTCAATCGGTGAATC
211,ACCGATTTACCGATTAACCG,CGGTTAATCGGTAAATCGGT
212,TCCGAACCTCCTCACCTCCT,AGGAGGTGAGGAGGTTCGGA
213,ACCTCCTGACCTCCTTACCT,AGGTAAGGAGGTCAGGAGGT
214,CTTACCTCCTAACCTCCAAA,TTTGGAGGTTAGGAGGTAAG
215,TCGGAACCTCGTCACCTCGT,ACGAGGTGACGAGGTTCCGA
216,ACCTCGTGACCTCGTTACCT,AGGTAACGAGGTCACGAGGT
217,GTTACCTCGTAACCTCGAAA,TTTCGAGGTTACGAGGTAAC
218,CTCGAAACCTCTCCACCTCT,AGAGGTGGAGAGGTTTCGAG
219,CACCTCTCGACCTCTCTACC,GGTAGAGAGGTCGAGAGGTG
220,CTCTACCTCTCAACCTCTGC,GCAGAGGTTGAGAGGTAGAG
221,GGACCTCTGTACCTCTGAAC,GTTCAGAGGTACAGAGGTCC
222,TCTGAACCTCTTCACCTCTT,AAGAGGTGAAGAGGTTCAGA
223,ACCTCTTGACCTCTTTACCT,AGGTAAAGAGGTCAAGAGGT
224,CTCTAAACCTCACAACCTCA,TGAGGTTGTGAGGTTTAGAG
225,AACCTCAGCACCTCAGGACC,GGTCCTGAGGTGCTGAGGTT
226,CAGGACCTCAGTACCTCAGA,TCTGAGGTACTGAGGTCCTG
227,CCTCAGAACCTCATCACCTC,GAGGTGATGAGGTTCTGAGG
228,TCACCTCATGACCTCATTAC,GTAATGAGGTCATGAGGTGA
229,ACCTCAAAACCTGCCCACCT,AGGTGGGCAGGTTTTGAGGT
230,TCACCTGCTGACCTGCTTAC,GTAAGCAGGTCAGCAGGTGA
231,TGCTTACCTGCTAACCTGCA,TGCAGGTTAGCAGGTAAGCA
232,ACCTGCAAACCTGGCCACCT,AGGTGGCCAGGTTTGCAGGT
233,TCACCTGGTGACCTGGTTAC,GTAACCAGGTCACCAGGTGA
234,TGGTTACCTGGTAACCTGGA,TCCAGGTTACCAGGTAACCA
235,ACCTGGAAACCTGTCCACCT,AGGTGGACAGGTTTCCAGGT
236,TCCACCTGTCGACCTGTCTA,TAGACAGGTCGACAGGTGGA
237,CTGTCTACCTGTCAACCTGT,ACAGGTTGACAGGTAGACAG
238,AACCTGTGCACCTGTGGACC,GGTCCACAGGTGCACAGGTT
239,GTGGACCTGTGTACCTGTGA,TCACAGGTACACAGGTCCAC
240,CCTGTGAACCTGTTCACCTG,CAGGTGAACAGGTTCACAGG
241,TCACCTGTTGACCTGTTTAC,GTAAACAGGTCAACAGGTGA
242,ACCTGTAAACCTGACAACCT,AGGTTGTCAGGTTTACAGGT
243,ACAACCTGAGCACCTGAGGA,TCCTCAGGTGCTCAGGTTGT
244,CTGAGGACCTGAGTACCTGA,TCAGGTACTCAGGTCCTCAG
245,TACCTGAGAACCTGATCACC,GGTGATCAGGTTCTCAGGTA
246,GATCACCTGATGACCTGATT,AATCAGGTCATCAGGTGATC
247,CCTGATTACCTGATAACCTG,CAGGTTATCAGGTAATCAGG
248,TAACCTGAAAACCTTCCCAC,GTGGGAAGGTTTTCAGGTTA
249,TTCCCACCTTCCGACCTTCC,GGAAGGTCGGAAGGTGGGAA
250,ACCTTCCTACCTTCCAACCT,AGGTTGGAAGGTAGGAAGGT
251,CCAACCTTCGCACCTTCGGA,TCCGAAGGTGCGAAGGTTGG
252,CTTCGGACCTTCGTACCTTC,GAAGGTACGAAGGTCCGAAG
253,TACCTTCGAACCTTCTCACC,GGTGAGAAGGTTCGAAGGTA
254,TCTCACCTTCTGACCTTCTT,AAGAAGGTCAGAAGGTGAGA
255,CCTTCTTACCTTCTAACCTT,AAGGTTAGAAGGTAAGAAGG
256,TAACCTTCAAACCTTGCCAC,GTGGCAAGGTTTGAAGGTTA
257,TTGCCACCTTGCGACCTTGC,GCAAGGTCGCAAGGTGGCAA
258,ACCTTGCTACCTTGCAACCT,AGGTTGCAAGGTAGCAAGGT
259,GCAACCTTGGCACCTTGGGA,TCCCAAGGTGCCAAGGTTGC
260,CTTGGGACCTTGGTACCTTG,CAAGGTACCAAGGTCCCAAG
261,TACCTTGGAACCTTGTCACC,GGTGACAAGGTTCCAAGGTA
262,TGTCACCTTGTGACCTTGTT,AACAAGGTCACAAGGTGACA
263,CCTTGTTACCTTGTAACCTT,AAGGTTACAAGGTAACAAGG
264,TAACCTTGAAACCTTTCCAC,GTGGAAAGGTTTCAAGGTTA
265,TTTCCACCTTTCGACCTTTC,GAAAGGTCGAAAGGTGGAAA
266,ACCTTTCTACCTTTCAACCT,AGGTTGAAAGGTAGAAAGGT
267,TCAACCTTTGCACCTTTGGA,TCCAAAGGTGCAAAGGTTGA
268,CTTTGGACCTTTGTACCTTT,AAAGGTACAAAGGTCCAAAG
269,TACCTTTGAACCTTTTCACC,GGTGAAAAGGTTCAAAGGTA
270,TTACAACCTTAGCACCTTAG,CTAAGGTGCTAAGGTTGTAA
271,ACCTTAGGACCTTAGTACCT,AGGTACTAAGGTCCTAAGGT
272,CCTACCAACCTACGCACCTA,TAGGTGCGTAGGTTGGTAGG
273,GCACCTACGGACCTACGTAC,GTACGTAGGTCCGTAGGTGC
274,TACGTACCTACGAACCTACT,AGTAGGTTCGTAGGTACGTA
275,ACCTACTCACCTACTGACCT,AGGTCAGTAGGTGAGTAGGT
276,CTGACCTACTTACCTACTAA,TTAGTAGGTAAGTAGGTCAG
277,CTACTAACCTACAAACCTAG,CTAGGTTTGTAGGTTAGTAG
278,AACCTAGCCACCTAGCGACC,GGTCGCTAGGTGGCTAGGTT
279,AGCGACCTAGCTACCTAGCA,TGCTAGGTAGCTAGGTCGCT
280,CCTAGCAACCTAGGCACCTA,TAGGTGCCTAGGTTGCTAGG
281,ACCTAGTCACCTAGTGACCT,AGGTCACTAGGTGACTAGGT
282,GTGACCTAGTTACCTAGTAA,TTACTAGGTAACTAGGTCAC
283,AACCTATCCACCTATCGACC,GGTCGATAGGTGGATAGGTT
284,ATCGACCTATCTACCTATCA,TGATAGGTAGATAGGTCGAT
285,CCTATCAACCTATGCACCTA,TAGGTGCATAGGTTGATAGG
286,GCACCTATGGACCTATGTAC,GTACATAGGTCCATAGGTGC
287,ACCTATTCACCTATTGACCT,AGGTCAATAGGTGAATAGGT
288,ACGACCCTACTACCCTACCA,TGGTAGGGTAGTAGGGTCGT
289,GTACGACCGTACTACCGTAC,GTACGGTAGTACGGTCGTAC
290,ACCACCTCACGACCTCACTA,TAGTGAGGTCGTGAGGTGGT
291,CTCACTACCTCACCACCTGA,TCAGGTGGTGAGGTAGTGAG
292,CACCTGACGACCTGACTACC,GGTAGTCAGGTCGTCAGGTG
293,GACTACCTGACCACCTTACG,CGTAAGGTGGTCAGGTAGTC
294,CCTTACGACCTTACTACCTT,AAGGTAGTAAGGTCGTAAGG
295,CTACCTTACCACCTAACCAC,GTGGTTAGGTGGTAAGGTAG
296,CGTCACCACGTGACCACGTT,AACGTGGTCACGTGGTGACG
297,CCACGTTACCACGTAACCAC,GTGGTTACGTGGTAACGTGG
298,ACTCCACCACTCGACCACTC,GAGTGGTCGAGTGGTGGAGT
299,ACCACTCTACCACTCAACCA,TGGTTGAGTGGTAGAGTGGT
300,TCAACCACTGCACCACTGGA,TCCAGTGGTGCAGTGGTTGA
301,CACTGGACCACTGTACCACT,AGTGGTACAGTGGTCCAGTG
302,TACCACTGAACCACTTCACC,GGTGAAGTGGTTCAGTGGTA
303,CTTCACCACTTGACCACTTT,AAAGTGGTCAAGTGGTGAAG
304,CCACTTTACCACTTAACCAC,GTGGTTAAGTGGTAAAGTGG
305,AGCTGACCAGCTTACCAGCT,AGCTGGTAAGCTGGTCAGCT
306,CAGTCGACCAGTCTACCAGT,ACTGGTAGACTGGTCGACTG
307,TACCAGTCAACCAGTGCACC,GGTGCACTGGTTGACTGGTA
308,GTGCACCAGTGGACCAGTGT,ACACTGGTCCACTGGTGCAC
309,CCAGTGTACCAGTGAACCAG,CTGGTTCACTGGTACACTGG
310,GAACCAGTTCACCAGTTGAC,GTCAACTGGTGAACTGGTTC
311,AGTTGACCAGTTTACCAGTT,AACTGGTAAACTGGTCAACT
312,ACCAGTTAACCAGTAAACCA,TGGTTTACTGGTTAACTGGT
313,CCAGATGACCAGATTACCAG,CTGGTAATCTGGTCATCTGG
314,ACCATCCGACCATCCTACCA,TGGTAGGATGGTCGGATGGT
315,CCTACCATCCAACCATCGCA,TGCGATGGTTGGATGGTAGG
316,CATCGCACCATCGGACCATC,GATGGTCCGATGGTGCGATG
317,GACCATCGTACCATCGAACC,GGTTCGATGGTACGATGGTC
318,TCGAACCATCTCACCATCTG,CAGATGGTGAGATGGTTCGA
319,CCATCTGACCATCTTACCAT,ATGGTAAGATGGTCAGATGG
320,ATCAAACCATGCCACCATGC,GCATGGTGGCATGGTTTGAT
321,ACCATGCGACCATGCTACCA,TGGTAGCATGGTCGCATGGT
322,GCTACCATGCAACCATGGCA,TGCCATGGTTGCATGGTAGC
323,CATGGCACCATGGGACCATG,CATGGTCCCATGGTGCCATG
324,TGGAACCATGTCACCATGTG,CACATGGTGACATGGTTCCA
325,CCATGTGACCATGTTACCAT,ATGGTAACATGGTCACATGG
326,ATGAAACCATTCCACCATTC,GAATGGTGGAATGGTTTCAT
327,ACCATTCGACCATTCTACCA,TGGTAGAATGGTCGAATGGT
328,TCTACCATTCAACCATTGCA,TGCAATGGTTGAATGGTAGA
329,CATTGCACCATTGGACCATT,AATGGTCCAATGGTGCAATG
330,GACCATTGTACCATTGAACC,GGTTCAATGGTACAATGGTC
331,ACCATAGCACCATAGGACCA,TGGTCCTATGGTGCTATGGT
332,AGGACCATAGTACCATAGAA,TTCTATGGTACTATGGTCCT
333,CACCATATGACCATATTACC,GGTAATATGGTCATATGGTG
334,CCTGAACGCCTTCACGCCTT,AAGGCGTGAAGGCGTTCAGG
335,ACGCCTTGACGCCTTTACGC,GCGTAAAGGCGTCAAGGCGT
336,TTTACGCCTTAACGCCTAAA,TTTAGGCGTTAAGGCGTAAA
337,TCACGCCATGACGCCATTAC,GTAATGGCGTCATGGCGTGA
338,GATCACGCGATGACGCGATT,AATCGCGTCATCGCGTGATC
339,CGCGATTACGCGATAACGCG,CGCGTTATCGCGTAATCGCG
340,TACGCTCGAACGCTCTCACG,CGTGAGAGCGTTCGAGCGTA
341,TCTCACGCTCTGACGCTCTT,AAGAGCGTCAGAGCGTGAGA
342,CGCTCTTACGCTCTAACGCT,AGCGTTAGAGCGTAAGAGCG
343,TAACGCTCAAACGCTGCCAC,GTGGCAGCGTTTGAGCGTTA
344,TACGCTGGAACGCTGTCACG,CGTGACAGCGTTCCAGCGTA
345,TGTCACGCTGTGACGCTGTT,AACAGCGTCACAGCGTGACA
346,CGCTGTTACGCTGTAACGCT,AGCGTTACAGCGTAACAGCG
347,TAACGCTGAAACGCTTCCAC,GTGGAAGCGTTTCAGCGTTA
348,CTTCCACGCTTCGACGCTTC,GAAGCGTCGAAGCGTGGAAG
349,ACGCTTCTACGCTTCAACGC,GCGTTGAAGCGTAGAAGCGT
350,TCAACGCTTGCACGCTTGGA,TCCAAGCGTGCAAGCGTTGA
351,GCTTGGACGCTTGTACGCTT,AAGCGTACAAGCGTCCAAGC
352,TACGCTTGAACGCTTTCACG,CGTGAAAGCGTTCAAGCGTA
353,TTTCACGCTTTGACGCTTTT,AAAAGCGTCAAAGCGTGAAA
354,CGCTTTTACGCTTTAACGCT,AGCGTTAAAGCGTAAAAGCG
355,TAACGCTTAAACGCTACAAC,GTTGTAGCGTTTAAGCGTTA
356,CTACAACGCTAGCACGCTAG,CTAGCGTGCTAGCGTTGTAG
357,ACGCTAGGACGCTAGTACGC,GCGTACTAGCGTCCTAGCGT
358,AGTACGCTAGAACGCTATCA,TGATAGCGTTCTAGCGTACT
359,GCTATCACGCTATGACGCTA,TAGCGTCATAGCGTGATAGC
360,GACGCTATTACGCTATAACG,CGTTATAGCGTAATAGCGTC
361,TGACGCACTTACGCACTAAC,GTTAGTGCGTAAGTGCGTCA
362,TGACGCAGTTACGCAGTAAC,GTTACTGCGTAACTGCGTCA
363,TCGACGCATCTACGCATCAA,TTGATGCGTAGATGCGTCGA
364,GCATCAACGCATGCACGCAT,ATGCGTGCATGCGTTGATGC
365,CACGCATGGACGCATGTACG,CGTACATGCGTCCATGCGTG
366,ATGTACGCATGAACGCATTC,GAATGCGTTCATGCGTACAT
367,CGCATTCACGCATTGACGCA,TGCGTCAATGCGTGAATGCG
368,TGACGCATTTACGCATTAAC,GTTAATGCGTAAATGCGTCA
369,TCACGGCTTGACGGCTTTAC,GTAAAGCCGTCAAGCCGTGA
370,GCTTTACGGCTTAACGGCTA,TAGCCGTTAAGCCGTAAAGC
371,CATCACGGCATGACGGCATT,AATGCCGTCATGCCGTGATG
372,CGGCATTACGGCATAACGGC,GCCGTTATGCCGTAATGCCG
373,GACGGGATTACGGGATAACG,CGTTATCCCGTAATCCCGTC
374,GACGGTCTTACGGTCTAACG,CGTTAGACCGTAAGACCGTC
375,GACGGTGTTACGGTGTAACG,CGTTACACCGTAACACCGTC
376,ACGGTATCACGGTATGACGG,CCGTCATACCGTGATACCGT
377,CGGACTGACGGACTTACGGA,TCCGTAAGTCCGTCAGTCCG
378,CGGAGTGACGGAGTTACGGA,TCCGTAACTCCGTCACTCCG
379,ACGGATCGACGGATCTACGG,CCGTAGATCCGTCGATCCGT
380,TCTACGGATCAACGGATGCA,TGCATCCGTTGATCCGTAGA
381,GGATGCACGGATGGACGGAT,ATCCGTCCATCCGTGCATCC
382,GACGGATGTACGGATGAACG,CGTTCATCCGTACATCCGTC
383,ATGAACGGATTCACGGATTG,CAATCCGTGAATCCGTTCAT
384,CGGATTGACGGATTTACGGA,TCCGTAAATCCGTCAATCCG
385,TGACGTCCTTACGTCCTAAC,GTTAGGACGTAAGGACGTCA
386,TCCTAACGTCCAAACGTCGC,GCGACGTTTGGACGTTAGGA
387,TGACGTCGTTACGTCGTAAC,GTTACGACGTAACGACGTCA
388,TCGTAACGTCGAAACGTCTC,GAGACGTTTCGACGTTACGA
389,ACGTCTCCACGTCTCGACGT,ACGTCGAGACGTGGAGACGT
390,TCGACGTCTCTACGTCTCAA,TTGAGACGTAGAGACGTCGA
391,GTCTCAACGTCTGCACGTCT,AGACGTGCAGACGTTGAGAC
392,CACGTCTGGACGTCTGTACG,CGTACAGACGTCCAGACGTG
393,CTGTACGTCTGAACGTCTTC,GAAGACGTTCAGACGTACAG
394,CGTCTTCACGTCTTGACGTC,GACGTCAAGACGTGAAGACG
395,TGACGTCTTTACGTCTTAAC,GTTAAGACGTAAAGACGTCA
396,TCTTAACGTCTAAACGTCAC,GTGACGTTTAGACGTTAAGA
397,ACGTCACAACGTCAGCACGT,ACGTGCTGACGTTGTGACGT
398,GTCAGTACGTCAGAACGTCA,TGACGTTCTGACGTACTGAC
399,CGTCATAACGTCAAAACGTG,CACGTTTTGACGTTATGACG
400,CGTGCTAACGTGCAAACGTG,CACGTTTGCACGTTAGCACG
401,AAACGTGTCCACGTGTCGAC,GTCGACACGTGGACACGTTT
402,TGTCGACGTGTCTACGTGTC,GACACGTAGACACGTCGACA
403,ACGTGTCAACGTGTGCACGT,ACGTGCACACGTTGACACGT
404,TGCACGTGTGGACGTGTGTA,TACACACGTCCACACGTGCA
405,GTGTGTACGTGTGAACGTGT,ACACGTTCACACGTACACAC
406,AACGTGTTCACGTGTTGACG,CGTCAACACGTGAACACGTT
407,GTTGACGTGTTTACGTGTTA,TAACACGTAAACACGTCAAC
408,CGTGTTAACGTGTAAACGTG,CACGTTTACACGTTAACACG
409,AAACGTGACAACGTGAGCAC,GTGCTCACGTTGTCACGTTT
410,ACGTGAGTACGTGAGAACGT,ACGTTCTCACGTACTCACGT
411,GTGATGACGTGATTACGTGA,TCACGTAATCACGTCATCAC
412,TACGTGATAACGTGAAAACG,CGTTTTCACGTTATCACGTA
413,TACGTTCTAACGTTCAAACG,CGTTTGAACGTTAGAACGTA
414,ACGTTGGTACGTTGGAACGT,ACGTTCCAACGTACCAACGT
415,TACGTTGTAACGTTGAAACG,CGTTTCAACGTTACAACGTA
416,CGTACTTACGTACTAACGTA,TACGTTAGTACGTAAGTACG
417,AGTCACGTAGTGACGTAGTT,AACTACGTCACTACGTGACT
418,CGTAGTTACGTAGTAACGTA,TACGTTACTACGTAACTACG
419,TAACGTAGAAACGTATCCAC,GTGGATACGTTTCTACGTTA
420,TATCCACGTATCGACGTATC,GATACGTCGATACGTGGATA
421,ACGTATCTACGTATCAACGT,ACGTTGATACGTAGATACGT
422,TCAACGTATGCACGTATGGA,TCCATACGTGCATACGTTGA
423,GTATGGACGTATGTACGTAT,ATACGTACATACGTCCATAC
424,TACGTATGAACGTATTCACG,CGTGAATACGTTCATACGTA
425,ACGACTCGACGACTCTACGA,TCGTAGAGTCGTCGAGTCGT
426,TCTACGACTCAACGACTGCA,TGCAGTCGTTGAGTCGTAGA
427,GACTGCACGACTGGACGACT,AGTCGTCCAGTCGTGCAGTC
428,GACGACTGTACGACTGAACG,CGTTCAGTCGTACAGTCGTC
429,CTGAACGACTTCACGACTTG,CAAGTCGTGAAGTCGTTCAG
430,CGACTTGACGACTTTACGAC,GTCGTAAAGTCGTCAAGTCG
431,AGCTCACGAGCTGACGAGCT,AGCTCGTCAGCTCGTGAGCT
432,ACGAGCTTACGAGCTAACGA,TCGTTAGCTCGTAAGCTCGT
433,GAGTCCACGAGTCGACGAGT,ACTCGTCGACTCGTGGACTC
434,GACGAGTCTACGAGTCAACG,CGTTGACTCGTAGACTCGTC
435,GTCAACGAGTGCACGAGTGG,CCACTCGTGCACTCGTTGAC
436,CGAGTGGACGAGTGTACGAG,CTCGTACACTCGTCCACTCG
437,GTACGAGTGAACGAGTTCAC,GTGAACTCGTTCACTCGTAC
438,AGTTCACGAGTTGACGAGTT,AACTCGTCAACTCGTGAACT
439,ACGAGTTTACGAGTTAACGA,TCGTTAACTCGTAAACTCGT
440,CGAGATCACGAGATGACGAG,CTCGTCATCTCGTGATCTCG
441,TGACGAGATTACGAGATAAC,GTTATCTCGTAATCTCGTCA
442,ACGATCCCACGATCCGACGA,TCGTCGGATCGTGGGATCGT
443,CCGACGATCCTACGATCCAA,TTGGATCGTAGGATCGTCGG
444,GATCCAACGATCGCACGATC,GATCGTGCGATCGTTGGATC
445,CGATCTCACGATCTGACGAT,ATCGTCAGATCGTGAGATCG
446,TGACGATCTTACGATCTAAC,GTTAGATCGTAAGATCGTCA
447,ATCTAACGATCAAACGATGC,GCATCGTTTGATCGTTAGAT
448,ACGATGCCACGATGCGACGA,TCGTCGCATCGTGGCATCGT
449,GCGACGATGCTACGATGCAA,TTGCATCGTAGCATCGTCGC
450,GATGCAACGATGGCACGATG,CATCGTGCCATCGTTGCATC
451,CGATGTCACGATGTGACGAT,ATCGTCACATCGTGACATCG
452,TGACGATGTTACGATGTAAC,GTTACATCGTAACATCGTCA
453,ACGATTCCACGATTCGACGA,TCGTCGAATCGTGGAATCGT
454,TCGACGATTCTACGATTCAA,TTGAATCGTAGAATCGTCGA
455,GATTCAACGATTGCACGATT,AATCGTGCAATCGTTGAATC
456,CACGATTGGACGATTGTACG,CGTACAATCGTCCAATCGTG
457,CGATTTCACGATTTGACGAT,ATCGTCAAATCGTGAAATCG
458,ACGATACAACGATAGCACGA,TCGTGCTATCGTTGTATCGT
459,AGCACGATAGGACGATAGTA,TACTATCGTCCTATCGTGCT
460,AACGATATCACGATATGACG,CGTCATATCGTGATATCGTT
461,ACTCCCGTACTCCCGAACTC,GAGTTCGGGAGTACGGGAGT
462,CGAACTCCCTCACTCCCTGA,TCAGGGAGTGAGGGAGTTCG
463,TCCCTGACTCCCTTACTCCC,GGGAGTAAGGGAGTCAGGGA
464,TACTCCCTAACTCCCAAACT,AGTTTGGGAGTTAGGGAGTA
465,ACTCCGGTACTCCGGAACTC,GAGTTCCGGAGTACCGGAGT
466,TCCGTGACTCCGTTACTCCG,CGGAGTAACGGAGTCACGGA
467,CGAAACTCCTCCACTCCTCG,CGAGGAGTGGAGGAGTTTCG
468,CTCCTCGACTCCTCTACTCC,GGAGTAGAGGAGTCGAGGAG
469,CTACTCCTCAACTCCTGCAC,GTGCAGGAGTTGAGGAGTAG
470,ACTCCTGTACTCCTGAACTC,GAGTTCAGGAGTACAGGAGT
471,TGAACTCCTTCACTCCTTGA,TCAAGGAGTGAAGGAGTTCA
472,TCCTTGACTCCTTTACTCCT,AGGAGTAAAGGAGTCAAGGA
473,CTAAACTCCACAACTCCAGC,GCTGGAGTTGTGGAGTTTAG
474,GGACTCCAGTACTCCAGAAC,GTTCTGGAGTACTGGAGTCC
475,CCAGAACTCCATCACTCCAT,ATGGAGTGATGGAGTTCTGG
476,ACTCCATGACTCCATTACTC,GAGTAATGGAGTCATGGAGT
477,TCCAAAACTCGCCCACTCGC,GCGAGTGGGCGAGTTTTGGA
478,ACTCGCTGACTCGCTTACTC,GAGTAAGCGAGTCAGCGAGT
479,CTTACTCGCTAACTCGCAAA,TTTGCGAGTTAGCGAGTAAG
480,AACTCGAGCACTCGAGGACT,AGTCCTCGAGTGCTCGAGTT
481,CTCGAGAACTCGATCACTCG,CGAGTGATCGAGTTCTCGAG
482,TCACTCGATGACTCGATTAC,GTAATCGAGTCATCGAGTGA
483,CGATTACTCGATAACTCGAA,TTCGAGTTATCGAGTAATCG
484,ACTCGAAAACTCTCCCACTC,GAGTGGGAGAGTTTTCGAGT
485,CCCACTCTCCGACTCTCCTA,TAGGAGAGTCGGAGAGTGGG
486,TCTCCTACTCTCCAACTCTC,GAGAGTTGGAGAGTAGGAGA
487,AACTCTCGCACTCTCGGACT,AGTCCGAGAGTGCGAGAGTT
488,TCGGACTCTCGTACTCTCGA,TCGAGAGTACGAGAGTCCGA
489,CTCTCGAACTCTCTCACTCT,AGAGTGAGAGAGTTCGAGAG
490,TCACTCTCTGACTCTCTTAC,GTAAGAGAGTCAGAGAGTGA
491,CTCTTACTCTCTAACTCTCA,TGAGAGTTAGAGAGTAAGAG
492,ACTCTCAAACTCTGCCACTC,GAGTGGCAGAGTTTGAGAGT
493,GCCACTCTGCGACTCTGCTA,TAGCAGAGTCGCAGAGTGGC
494,TCTGCTACTCTGCAACTCTG,CAGAGTTGCAGAGTAGCAGA
495,AACTCTGGCACTCTGGGACT,AGTCCCAGAGTGCCAGAGTT
496,TGGGACTCTGGTACTCTGGA,TCCAGAGTACCAGAGTCCCA
497,CTCTGGAACTCTGTCACTCT,AGAGTGACAGAGTTCCAGAG
498,TCACTCTGTGACTCTGTTAC,GTAACAGAGTCACAGAGTGA
499,CTGTTACTCTGTAACTCTGA,TCAGAGTTACAGAGTAACAG
500,ACTCTGAAACTCTTCCACTC,GAGTGGAAGAGTTTCAGAGT
501,TCCACTCTTCGACTCTTCTA,TAGAAGAGTCGAAGAGTGGA
502,AACTCTTGCACTCTTGGACT,AGTCCAAGAGTGCAAGAGTT
503,TTGGACTCTTGTACTCTTGA,TCAAGAGTACAAGAGTCCAA
504,CTCTTGAACTCTTTCACTCT,AGAGTGAAAGAGTTCAAGAG
505,ACAACTCTAGCACTCTAGGA,TCCTAGAGTGCTAGAGTTGT
506,TCTAGGACTCTAGTACTCTA,TAGAGTACTAGAGTCCTAGA
507,CACCAACTCACGAACTCACT,AGTGAGTTCGTGAGTTGGTG
508,TGACTCACTTACTCACTAAC,GTTAGTGAGTAAGTGAGTCA
509,CACTAACTCACAAACTCAGC,GCTGAGTTTGTGAGTTAGTG
510,ACTCAGCCACTCAGCGACTC,GAGTCGCTGAGTGGCTGAGT
511,GCGACTCAGCTACTCAGCAA,TTGCTGAGTAGCTGAGTCGC
512,TCAGCAACTCAGGCACTCAG,CTGAGTGCCTGAGTTGCTGA
513,CTCAGTCACTCAGTGACTCA,TGAGTCACTGAGTGACTGAG
514,TGACTCAGTTACTCAGTAAC,GTTACTGAGTAACTGAGTCA
515,CAGTAACTCAGAAACTCATC,GATGAGTTTCTGAGTTACTG
516,ACTCATCCACTCATCGACTC,GAGTCGATGAGTGGATGAGT
517,TCGACTCATCTACTCATCAA,TTGATGAGTAGATGAGTCGA
518,TCATCAACTCATGCACTCAT,ATGAGTGCATGAGTTGATGA
519,CACTCATGGACTCATGTACT,AGTACATGAGTCCATGAGTG
520,CTCATTCACTCATTGACTCA,TGAGTCAATGAGTGAATGAG
521,TCACTGCCTGACTGCCTTAC,GTAAGGCAGTCAGGCAGTGA
522,GCCTTACTGCCTAACTGCCA,TGGCAGTTAGGCAGTAAGGC
523,ACTGCCAAACTGCGCCACTG,CAGTGGCGCAGTTTGGCAGT
524,ACTGCGAAACTGCTCCACTG,CAGTGGAGCAGTTTCGCAGT
525,TCCACTGCTCGACTGCTCTA,TAGAGCAGTCGAGCAGTGGA
526,TGCTCTACTGCTCAACTGCT,AGCAGTTGAGCAGTAGAGCA
527,AACTGCTGCACTGCTGGACT,AGTCCAGCAGTGCAGCAGTT
528,CTGGACTGCTGTACTGCTGA,TCAGCAGTACAGCAGTCCAG
529,CTGCTGAACTGCTTCACTGC,GCAGTGAAGCAGTTCAGCAG
530,TCACTGCTTGACTGCTTTAC,GTAAAGCAGTCAAGCAGTGA
531,GCTTTACTGCTTAACTGCTA,TAGCAGTTAAGCAGTAAAGC
532,ACTGCTAAACTGCACAACTG,CAGTTGTGCAGTTTAGCAGT
533,ACAACTGCAGCACTGCAGGA,TCCTGCAGTGCTGCAGTTGT
534,TACTGCAGAACTGCATCACT,AGTGATGCAGTTCTGCAGTA
535,CATCACTGCATGACTGCATT,AATGCAGTCATGCAGTGATG
536,CTGCATTACTGCATAACTGC,GCAGTTATGCAGTAATGCAG
537,TAACTGCAAAACTGGCCCAC,GTGGGCCAGTTTTGCAGTTA
538,ACTGGCCTACTGGCCAACTG,CAGTTGGCCAGTAGGCCAGT
539,TACTGGCGAACTGGCTCACT,AGTGAGCCAGTTCGCCAGTA
540,GCTCACTGGCTGACTGGCTT,AAGCCAGTCAGCCAGTGAGC
541,CTGGCTTACTGGCTAACTGG,CCAGTTAGCCAGTAAGCCAG
542,TAACTGGCAAACTGGGCCAC,GTGGCCCAGTTTGCCAGTTA
543,ACTGGGCTACTGGGCAACTG,CAGTTGCCCAGTAGCCCAGT
544,TGGTGGACTGGTGTACTGGT,ACCAGTACACCAGTCCACCA
545,GGACAACTGGAGCACTGGAG,CTCCAGTGCTCCAGTTGTCC
546,TGGATCACTGGATGACTGGA,TCCAGTCATCCAGTGATCCA
547,GACTGGATTACTGGATAACT,AGTTATCCAGTAATCCAGTC
548,GATAACTGGAAAACTGTCCC,GGGACAGTTTTCCAGTTATC
549,CTGTCCCACTGTCCGACTGT,ACAGTCGGACAGTGGGACAG
550,CGACTGTCCTACTGTCCAAC,GTTGGACAGTAGGACAGTCG
551,GTCCAACTGTCGCACTGTCG,CGACAGTGCGACAGTTGGAC
552,ACTGTCGGACTGTCGTACTG,CAGTACGACAGTCCGACAGT
553,CGTACTGTCGAACTGTCTCA,TGAGACAGTTCGACAGTACG
554,TGTCTCACTGTCTGACTGTC,GACAGTCAGACAGTGAGACA
555,GACTGTCTTACTGTCTAACT,AGTTAGACAGTAAGACAGTC
556,TCTAACTGTCAAACTGTGCC,GGCACAGTTTGACAGTTAGA
557,CTGTGCCACTGTGCGACTGT,ACAGTCGCACAGTGGCACAG
558,CGACTGTGCTACTGTGCAAC,GTTGCACAGTAGCACAGTCG
559,GTGCAACTGTGGCACTGTGG,CCACAGTGCCACAGTTGCAC
560,ACTGTGGGACTGTGGTACTG,CAGTACCACAGTCCCACAGT
561,GGTACTGTGGAACTGTGTCA,TGACACAGTTCCACAGTACC
562,TGTGTCACTGTGTGACTGTG,CACAGTCACACAGTGACACA
563,GACTGTGTTACTGTGTAACT,AGTTACACAGTAACACAGTC
564,TGTAACTGTGAAACTGTTCC,GGAACAGTTTCACAGTTACA
565,CTGTTCCACTGTTCGACTGT,ACAGTCGAACAGTGGAACAG
566,CGACTGTTCTACTGTTCAAC,GTTGAACAGTAGAACAGTCG
567,GTTCAACTGTTGCACTGTTG,CAACAGTGCAACAGTTGAAC
568,ACTGTTGGACTGTTGTACTG,CAGTACAACAGTCCAACAGT
569,CTGTACAACTGTAGCACTGT,ACAGTGCTACAGTTGTACAG
570,GCACTGTAGGACTGTAGTAC,GTACTACAGTCCTACAGTGC
571,ACTGTATCACTGTATGACTG,CAGTCATACAGTGATACAGT
572,AACTGACCAACTGACGAACT,AGTTCGTCAGTTGGTCAGTT
573,ACGAACTGACTAACTGACAA,TTGTCAGTTAGTCAGTTCGT
574,CTGACAAACTGAGCCACTGA,TCAGTGGCTCAGTTTGTCAG
575,CCACTGAGCGACTGAGCTAC,GTAGCTCAGTCGCTCAGTGG
576,GAGCTACTGAGCAACTGAGG,CCTCAGTTGCTCAGTAGCTC
577,ACTGAGGCACTGAGGGACTG,CAGTCCCTCAGTGCCTCAGT
578,CTGAGAAACTGATCCACTGA,TCAGTGGATCAGTTTCTCAG
579,CCACTGATCGACTGATCTAC,GTAGATCAGTCGATCAGTGG
580,GATCTACTGATCAACTGATG,CATCAGTTGATCAGTAGATC
581,ACTGATGCACTGATGGACTG,CAGTCCATCAGTGCATCAGT
582,TGGACTGATGTACTGATGAA,TTCATCAGTACATCAGTCCA
583,AAACTTCCCCACTTCCCGAC,GTCGGGAAGTGGGGAAGTTT
584,TCCCGACTTCCCTACTTCCC,GGGAAGTAGGGAAGTCGGGA
585,ACTTCCCAACTTCCGCACTT,AAGTGCGGAAGTTGGGAAGT
586,CGCACTTCCGGACTTCCGTA,TACGGAAGTCCGGAAGTGCG
587,TTCCGTACTTCCGAACTTCC,GGAAGTTCGGAAGTACGGAA
588,AACTTCCTCACTTCCTGACT,AGTCAGGAAGTGAGGAAGTT
589,CCTGACTTCCTTACTTCCTA,TAGGAAGTAAGGAAGTCAGG
590,CTTCCTAACTTCCAAACTTC,GAAGTTTGGAAGTTAGGAAG
591,AAACTTCGCCACTTCGCGAC,GTCGCGAAGTGGCGAAGTTT
592,TCGCGACTTCGCTACTTCGC,GCGAAGTAGCGAAGTCGCGA
593,ACTTCGCAACTTCGGCACTT,AAGTGCCGAAGTTGCGAAGT
594,GGCACTTCGGGACTTCGGTA,TACCGAAGTCCCGAAGTGCC
595,TTCGGTACTTCGGAACTTCG,CGAAGTTCCGAAGTACCGAA
596,AACTTCGTCACTTCGTGACT,AGTCACGAAGTGACGAAGTT
597,CGTGACTTCGTTACTTCGTA,TACGAAGTAACGAAGTCACG
598,CTTCGTAACTTCGAAACTTC,GAAGTTTCGAAGTTACGAAG
599,AAACTTCTCCACTTCTCGAC,GTCGAGAAGTGGAGAAGTTT
600,TCTCGACTTCTCTACTTCTC,GAGAAGTAGAGAAGTCGAGA
601,ACTTCTCAACTTCTGCACTT,AAGTGCAGAAGTTGAGAAGT
602,TGCACTTCTGGACTTCTGTA,TACAGAAGTCCAGAAGTGCA
603,AAACTTCACAACTTCAGCAC,GTGCTGAAGTTGTGAAGTTT
604,TCAGCACTTCAGGACTTCAG,CTGAAGTCCTGAAGTGCTGA
605,CAAAACTTGCCCACTTGCCG,CGGCAAGTGGGCAAGTTTTG
606,CTTGCCGACTTGCCTACTTG,CAAGTAGGCAAGTCGGCAAG
607,CTACTTGCCAACTTGCGCAC,GTGCGCAAGTTGGCAAGTAG
608,ACTTGCGTACTTGCGAACTT,AAGTTCGCAAGTACGCAAGT
609,CGAACTTGCTCACTTGCTGA,TCAGCAAGTGAGCAAGTTCG
610,TTGCTGACTTGCTTACTTGC,GCAAGTAAGCAAGTCAGCAA
611,GCAAACTTGGCCACTTGGCG,CGCCAAGTGGCCAAGTTTGC
612,CTTGGCGACTTGGCTACTTG,CAAGTAGCCAAGTCGCCAAG
613,CTACTTGGCAACTTGGGCAC,GTGCCCAAGTTGCCAAGTAG
614,ACTTGGGTACTTGGGAACTT,AAGTTCCCAAGTACCCAAGT
615,GGAACTTGGTCACTTGGTGA,TCACCAAGTGACCAAGTTCC
616,TTGGTGACTTGGTTACTTGG,CCAAGTAACCAAGTCACCAA
617,GGAAACTTGTCCACTTGTCG,CGACAAGTGGACAAGTTTCC
618,CTTGTCGACTTGTCTACTTG,CAAGTAGACAAGTCGACAAG
619,CTACTTGTCAACTTGTGCAC,GTGCACAAGTTGACAAGTAG
620,TGTGCACTTGTGGACTTGTG,CACAAGTCCACAAGTGCACA
621,GTAAACTTGACAACTTGAGC,GCTCAAGTTGTCAAGTTTAC
622,CTTGAGCACTTGAGGACTTG,CAAGTCCTCAAGTGCTCAAG
623,GGACTTGAGTACTTGAGAAC,GTTCTCAAGTACTCAAGTCC
624,CACTTTCCGACTTTCCTACT,AGTAGGAAAGTCGGAAAGTG
625,TCCTACTTTCCAACTTTCGC,GCGAAAGTTGGAAAGTAGGA
626,CTTTCGCACTTTCGGACTTT,AAAGTCCGAAAGTGCGAAAG
627,GGACTTTCGTACTTTCGAAC,GTTCGAAAGTACGAAAGTCC
628,CACTTTGCGACTTTGCTACT,AGTAGCAAAGTCGCAAAGTG
629,TGCTACTTTGCAACTTTGGC,GCCAAAGTTGCAAAGTAGCA
630,CTTTGGCACTTTGGGACTTT,AAAGTCCCAAAGTGCCAAAG
631,GGACTTTGGTACTTTGGAAC,GTTCCAAAGTACCAAAGTCC
632,AACTTAGCCACTTAGCGACT,AGTCGCTAAGTGGCTAAGTT
633,AGCGACTTAGCTACTTAGCA,TGCTAAGTAGCTAAGTCGCT
634,CTTAGCAACTTAGGCACTTA,TAAGTGCCTAAGTTGCTAAG
635,GCACTTAGGGACTTAGGTAC,GTACCTAAGTCCCTAAGTGC
636,GCACTTATGGACTTATGTAC,GTACATAAGTCCATAAGTGC
637,CCCAACTACCGAACTACCTA,TAGGTAGTTCGGTAGTTGGG
638,CTACCTAACTACCAAACTAC,GTAGTTTGGTAGTTAGGTAG
639,AAACTACGCAACTACGGAAC,GTTCCGTAGTTGCGTAGTTT
640,ACTACGAAACTACTCCACTA,TAGTGGAGTAGTTTCGTAGT
641,TCCACTACTCGACTACTCTA,TAGAGTAGTCGAGTAGTGGA
642,AACTACTGCACTACTGGACT,AGTCCAGTAGTGCAGTAGTT
643,CTGGACTACTGTACTACTGA,TCAGTAGTACAGTAGTCCAG
644,CTACTGAACTACTTCACTAC,GTAGTGAAGTAGTTCAGTAG
645,AACTAGCCCACTAGCCGACT,AGTCGGCTAGTGGGCTAGTT
646,GCCGACTAGCCTACTAGCCA,TGGCTAGTAGGCTAGTCGGC
647,CTAGCCAACTAGCGCACTAG,CTAGTGCGCTAGTTGGCTAG
648,ACTAGCTCACTAGCTGACTA,TAGTCAGCTAGTGAGCTAGT
649,CTGACTAGCTTACTAGCTAA,TTAGCTAGTAAGCTAGTCAG
650,TAGCTAACTAGCAAACTAGG,CCTAGTTTGCTAGTTAGCTA
651,AACTAGGCCACTAGGCGACT,AGTCGCCTAGTGGCCTAGTT
652,GGCGACTAGGCTACTAGGCA,TGCCTAGTAGCCTAGTCGCC
653,CTAGGCAACTAGGGCACTAG,CTAGTGCCCTAGTTGCCTAG
654,AACTAGACAACTAGAGCACT,AGTGCTCTAGTTGTCTAGTT
655,GAACTAGATCACTAGATGAC,GTCATCTAGTGATCTAGTTC
656,AAAACTATCCCACTATCCGA,TCGGATAGTGGGATAGTTTT
657,TATCCGACTATCCTACTATC,GATAGTAGGATAGTCGGATA
658,TACTATCCAACTATCGCACT,AGTGCGATAGTTGGATAGTA
659,GAACTATCTCACTATCTGAC,GTCAGATAGTGAGATAGTTC
660,CAAACTATGCCACTATGCGA,TCGCATAGTGGCATAGTTTG
661,TATGCGACTATGCTACTATG,CATAGTAGCATAGTCGCATA
662,TACTATGCAACTATGGCACT,AGTGCCATAGTTGCATAGTA
663,GAACTATGTCACTATGTGAC,GTCACATAGTGACATAGTTC
664,ACCCCTATACCCCTACACCC,GGGTGTAGGGGTATAGGGGT
665,ACCCTCAGACCCTCATACCC,GGGTATGAGGGTCTGAGGGT
666,CATACCCTCACACCCTGAGA,TCTCAGGGTGTGAGGGTATG
667,CCTGAGACCCTGATACCCTG,CAGGGTATCAGGGTCTCAGG
668,TACCCTGACACCCTTAGACC,GGTCTAAGGGTGTCAGGGTA
669,TTAGACCCTTATACCCTTAC,GTAAGGGTATAAGGGTCTAA
670,GACCGCTATACCGCTACACC,GGTGTAGCGGTATAGCGGTC
671,CTCCAGACCTCCATACCTCC,GGAGGTATGGAGGTCTGGAG
672,TACCTCCACACCTCGAGACC,GGTCTCGAGGTGTGGAGGTA
673,CGAGACCTCGATACCTCGAC,GTCGAGGTATCGAGGTCTCG
674,CCTCGACACCTCTAGACCTC,GAGGTCTAGAGGTGTCGAGG
675,AGACCTCTATACCTCTACAC,GTGTAGAGGTATAGAGGTCT
676,TCTACACCTCAACACCTGCA,TGCAGGTGTTGAGGTGTAGA
677,ACCTGCAGACCTGCATACCT,AGGTATGCAGGTCTGCAGGT
678,CATACCTGCACACCTGGAGA,TCTCCAGGTGTGCAGGTATG
679,CTGGAGACCTGGATACCTGG,CCAGGTATCCAGGTCTCCAG
680,TACCTGGACACCTGTAGACC,GGTCTACAGGTGTCCAGGTA
681,GTAGACCTGTATACCTGTAC,GTACAGGTATACAGGTCTAC
682,CCTGTACACCTGAACACCTT,AAGGTGTTCAGGTGTACAGG
683,ACACCTTCAGACCTTCATAC,GTATGAAGGTCTGAAGGTGT
684,TTCATACCTTCACACCTTGA,TCAAGGTGTGAAGGTATGAA
685,ACCTTGAGACCTTGATACCT,AGGTATCAAGGTCTCAAGGT
686,GATACCTTGACACCTTTAGA,TCTAAAGGTGTCAAGGTATC
687,TACCTTTACACCTTAACACC,GGTGTTAAGGTGTAAAGGTA
688,ACCATACGACCATACTACCA,TGGTAGTATGGTCGTATGGT
689,CACCACTAGACCACTATACC,GGTATAGTGGTCTAGTGGTG
690,TCAGACCATCATACCATCAC,GTGATGGTATGATGGTCTGA
691,CCATCACACCATGAGACCAT,ATGGTCTCATGGTGTGATGG
692,AGACCATGATACCATGACAC,GTGTCATGGTATCATGGTCT
693,ACACGCCTAGACGCCTATAC,GTATAGGCGTCTAGGCGTGT
694,CTCAGACGCTCATACGCTCA,TGAGCGTATGAGCGTCTGAG
695,GAGACGCTGATACGCTGACA,TGTCAGCGTATCAGCGTCTC
696,GCTGACACGCTTAGACGCTT,AAGCGTCTAAGCGTGTCAGC
697,GACGCTTATACGCTTACACG,CGTGTAAGCGTATAAGCGTC
698,CGTCTATACGTCTACACGTC,GACGTGTAGACGTATAGACG
699,ACGACTATACGACTACACGA,TCGTGTAGTCGTATAGTCGT
700,AGACGAGTATACGAGTACAC,GTGTACTCGTATACTCGTCT
701,ACGATCAGACGATCATACGA,TCGTATGATCGTCTGATCGT
702,CATACGATCACACGATGAGA,TCTCATCGTGTGATCGTATG
703,GATGAGACGATGATACGATG,CATCGTATCATCGTCTCATC
704,TACGATGACACGATTAGACG,CGTCTAATCGTGTCATCGTA
705,CCCAGACTCCCATACTCCCA,TGGGAGTATGGGAGTCTGGG
706,ACTCCCACACTCCGAGACTC,GAGTCTCGGAGTGTGGGAGT
707,GAGACTCCGATACTCCGACA,TGTCGGAGTATCGGAGTCTC
708,TCCGACACTCCTAGACTCCT,AGGAGTCTAGGAGTGTCGGA
709,GACTCCTATACTCCTACACT,AGTGTAGGAGTATAGGAGTC
710,CTACACTCCAACACTCGCAG,CTGCGAGTGTTGGAGTGTAG
711,CTCGCAGACTCGCATACTCG,CGAGTATGCGAGTCTGCGAG
712,ATACTCGCACACTCGGAGAC,GTCTCCGAGTGTGCGAGTAT
713,CGGAGACTCGGATACTCGGA,TCCGAGTATCCGAGTCTCCG
714,CACTCTCAGACTCTCATACT,AGTATGAGAGTCTGAGAGTG
715,TCATACTCTCACACTCTGAG,CTCAGAGTGTGAGAGTATGA
716,CTCTGAGACTCTGATACTCT,AGAGTATCAGAGTCTCAGAG
717,ATACTCTGACACTCTTAGAC,GTCTAAGAGTGTCAGAGTAT
718,ACTCTTACACTCTAACACTC,GAGTGTTAGAGTGTAAGAGT
719,AACACTCAAACACTGCCAGA,TCTGGCAGTGTTTGAGTGTT
720,TGCCAGACTGCCATACTGCC,GGCAGTATGGCAGTCTGGCA
721,TACTGCCACACTGCGAGACT,AGTCTCGCAGTGTGGCAGTA
722,CGAGACTGCGATACTGCGAC,GTCGCAGTATCGCAGTCTCG
723,CTGCGACACTGCTAGACTGC,GCAGTCTAGCAGTGTCGCAG
724,AGACTGCTATACTGCTACAC,GTGTAGCAGTATAGCAGTCT
725,GCTACACTGCAACACTGGCA,TGCCAGTGTTGCAGTGTAGC
726,ACTGGCAGACTGGCATACTG,CAGTATGCCAGTCTGCCAGT
727,CATACTGGCACACTGGGAGA,TCTCCCAGTGTGCCAGTATG
728,TGGGAGACTGGGATACTGGG,CCCAGTATCCCAGTCTCCCA
729,ACACTGTCAGACTGTCATAC,GTATGACAGTCTGACAGTGT
730,GTCATACTGTCACACTGTGA,TCACAGTGTGACAGTATGAC
731,ACTGTGAGACTGTGATACTG,CAGTATCACAGTCTCACAGT
732,GATACTGTGACACTGTTAGA,TCTAACAGTGTCACAGTATC
733,TAACACTGAAACACTTCCAG,CTGGAAGTGTTTCAGTGTTA
734,CTTCCAGACTTCCATACTTC,GAAGTATGGAAGTCTGGAAG
735,ATACTTCCACACTTCGAGAC,GTCTCGAAGTGTGGAAGTAT
736,TCGAGACTTCGATACTTCGA,TCGAAGTATCGAAGTCTCGA
737,ACTTCGACACTTCTAGACTT,AAGTCTAGAAGTGTCGAAGT
738,TTCTACACTTCAACACTTGC,GCAAGTGTTGAAGTGTAGAA
739,CACTTGCAGACTTGCATACT,AGTATGCAAGTCTGCAAGTG
740,GCATACTTGCACACTTGGAG,CTCCAAGTGTGCAAGTATGC
741,CTTGGAGACTTGGATACTTG,CAAGTATCCAAGTCTCCAAG
742,ATACTTGGACACTTGTAGAC,GTCTACAAGTGTCCAAGTAT
743,ACTACCACACTACGACACTA,TAGTGTCGTAGTGTGGTAGT
744,CACTACAACACTAGCAGACT,AGTCTGCTAGTGTTGTAGTG
745,GCAGACTAGCATACTAGCAC,GTGCTAGTATGCTAGTCTGC
746,CTAGCACACTAGGAGACTAG,CTAGTCTCCTAGTGTGCTAG
747,AGACTAGGATACTAGGACAC,GTGTCCTAGTATCCTAGTCT
748,AGGACACTAGTAGACTAGTA,TACTAGTCTACTAGTGTCCT
749,TAGACCCATATACCCATACA,TGTATGGGTATATGGGTCTA
750,CCGATAGACCGATATACCGA,TCGGTATATCGGTCTATCGG
751,ACCTAGATACCTAGACACCT,AGGTGTCTAGGTATCTAGGT
752,ACACGCATAGACGCATATAC,GTATATGCGTCTATGCGTGT
753,GACGGATATACGGATACACG,CGTGTATCCGTATATCCGTC
754,TCAGAGACTCAGATACTCAG,CTGAGTATCTGAGTCTCTGA
755,TACTCAGACACTCATAGACT,AGTCTATGAGTGTCTGAGTA
756,CTCATACACTCACACACTGA,TCAGTGTGTGAGTGTATGAG
757,ACACTGAGAGACTGAGATAC,GTATCTCAGTCTCTCAGTGT
758,GAGATACTGAGACACTGATA,TATCAGTGTCTCAGTATCTC
759,TGACACACTTAGAGACTTAG,CTAAGTCTCTAAGTGTGTCA
760,ACACTTACACACTAACACAC,GTGTGTTAGTGTGTAAGTGT
761,ACAGCTAGACAGCTATACAG,CTGTATAGCTGTCTAGCTGT
762,ACATCCATACATCCACACAT,ATGTGTGGATGTATGGATGT
763,CACACATCGAGACATCGATA,TATCGATGTCTCGATGTGTG
764,ATCGATACATCGACACATCT,AGATGTGTCGATGTATCGAT
765,CATCAACACATGCAGACATG,CATGTCTGCATGTGTTGATG
766,AGACATGCATACATGCACAC,GTGTGCATGTATGCATGTCT
767,TGCACACATGGAGACATGGA,TCCATGTCTCCATGTGTGCA
768,ACATGGATACATGGACACAT,ATGTGTCCATGTATCCATGT
769,CACATGAACACATTCAGACA,TGTCTGAATGTGTTCATGTG
770,GACAGCCTTACAGCCTAACA,TGTTAGGCTGTAAGGCTGTC
771,CGACAGCTCTACAGCTCAAC,GTTGAGCTGTAGAGCTGTCG
772,GCTCAACAGCTGCACAGCTG,CAGCTGTGCAGCTGTTGAGC
773,TGTACAGCTGAACAGCTTCA,TGAAGCTGTTCAGCTGTACA
774,AGCTTCACAGCTTGACAGCT,AGCTGTCAAGCTGTGAAGCT
775,GACAGCTTTACAGCTTAACA,TGTTAAGCTGTAAAGCTGTC
776,AGCATCACAGCATGACAGCA,TGCTGTCATGCTGTGATGCT
777,GACAGCATTACAGCATAACA,TGTTATGCTGTAATGCTGTC
778,GACAGGCTTACAGGCTAACA,TGTTAGCCTGTAAGCCTGTC
779,AGGATCACAGGATGACAGGA,TCCTGTCATCCTGTGATCCT
780,GACAGGATTACAGGATAACA,TGTTATCCTGTAATCCTGTC
781,AGACTCACAGACTGACAGAC,GTCTGTCAGTCTGTGAGTCT
782,GACAGACTTACAGACTAACA,TGTTAGTCTGTAAGTCTGTC
783,CAGATCCACAGATCGACAGA,TCTGTCGATCTGTGGATCTG
784,CGACAGATCTACAGATCAAC,GTTGATCTGTAGATCTGTCG
785,GATCAACAGATGCACAGATG,CATCTGTGCATCTGTTGATC
786,ACAGATGGACAGATGTACAG,CTGTACATCTGTCCATCTGT
787,CCACATCCCGACATCCCTAC,GTAGGGATGTCGGGATGTGG
788,TCCCTACATCCCAACATCCG,CGGATGTTGGGATGTAGGGA
789,ACATCCGCACATCCGGACAT,ATGTCCGGATGTGCGGATGT
790,ATCCGAACATCCTCACATCC,GGATGTGAGGATGTTCGGAT
791,CACATCCTGACATCCTTACA,TGTAAGGATGTCAGGATGTG
792,CCTTACATCCTAACATCCAA,TTGGATGTTAGGATGTAAGG
793,CATCCAAACATCGCCACATC,GATGTGGCGATGTTTGGATG
794,CCACATCGCGACATCGCTAC,GTAGCGATGTCGCGATGTGG
795,TCGCTACATCGCAACATCGG,CCGATGTTGCGATGTAGCGA
796,ACATCGGCACATCGGGACAT,ATGTCCCGATGTGCCGATGT
797,CATCGAAACATCTCCACATC,GATGTGGAGATGTTTCGATG
798,CCACATCTCGACATCTCTAC,GTAGAGATGTCGAGATGTGG
799,TCTCTACATCTCAACATCTG,CAGATGTTGAGATGTAGAGA
800,ACATCTGCACATCTGGACAT,ATGTCCAGATGTGCAGATGT
801,CATCTAAACATCACCACATC,GATGTGGTGATGTTTAGATG
802,CCACATCACGACATCACTAC,GTAGTGATGTCGTGATGTGG
803,TCACTACATCACAACATCAG,CTGATGTTGTGATGTAGTGA
804,ACATCAGCACATCAGGACAT,ATGTCCTGATGTGCTGATGT
805,CATCAAAACATGCCCACATG,CATGTGGGCATGTTTTGATG
806,CCACATGCCGACATGCCTAC,GTAGGCATGTCGGCATGTGG
807,TGCCTACATGCCAACATGCG,CGCATGTTGGCATGTAGGCA
808,ACATGCGCACATGCGGACAT,ATGTCCGCATGTGCGCATGT
809,ATGCGAACATGCTCACATGC,GCATGTGAGCATGTTCGCAT
810,CACATGCTGACATGCTTACA,TGTAAGCATGTCAGCATGTG
811,GCTTACATGCTAACATGCAA,TTGCATGTTAGCATGTAAGC
812,CATGCAAACATGGCCACATG,CATGTGGCCATGTTTGCATG
813,CCACATGGCGACATGGCTAC,GTAGCCATGTCGCCATGTGG
814,TGGCTACATGGCAACATGGG,CCCATGTTGCCATGTAGCCA
815,ACATGGGCACATGGGGACAT,ATGTCCCCATGTGCCCATGT
816,CATGGAAACATGTCCACATG,CATGTGGACATGTTTCCATG
817,CATGTAAACATGACCACATG,CATGTGGTCATGTTTACATG
818,CCACATGACGACATGACTAC,GTAGTCATGTCGTCATGTGG
819,TGACTACATGACAACATGAG,CTCATGTTGTCATGTAGTCA
820,ACATGAGCACATGAGGACAT,ATGTCCTCATGTGCTCATGT
821,CCACATTCCGACATTCCTAC,GTAGGAATGTCGGAATGTGG
822,TTCCTACATTCCAACATTCG,CGAATGTTGGAATGTAGGAA
823,ACATTCGCACATTCGGACAT,ATGTCCGAATGTGCGAATGT
824,CGGACATTCGTACATTCGAA,TTCGAATGTACGAATGTCCG
825,CCACATTGCGACATTGCTAC,GTAGCAATGTCGCAATGTGG
826,TTGCTACATTGCAACATTGG,CCAATGTTGCAATGTAGCAA
827,ACATTGGCACATTGGGACAT,ATGTCCCAATGTGCCAATGT
828,GGGACATTGGTACATTGGAA,TTCCAATGTACCAATGTCCC
829,CCACATTTCGACATTTCTAC,GTAGAAATGTCGAAATGTGG
830,CCACATTACGACATTACTAC,GTAGTAATGTCGTAATGTGG
831,CCACATACCGACATACCTAC,GTAGGTATGTCGGTATGTGG
832,TACCTACATACCAACATACG,CGTATGTTGGTATGTAGGTA
833,ACATACGCACATACGGACAT,ATGTCCGTATGTGCGTATGT
834,CCACATAGCGACATAGCTAC,GTAGCTATGTCGCTATGTGG
835,TAGCTACATAGCAACATAGG,CCTATGTTGCTATGTAGCTA
836,ACATAGGCACATAGGGACAT,ATGTCCCTATGTGCCTATGT
837,CCACATATCGACATATCTAC,GTAGATATGTCGATATGTGG
838,CTCAACAACTGAAGAACTGA,TCAGTTCTTCAGTTGTTGAG
839,GTAGCCCTGAAGCCCTTCAG,CTGAAGGGCTTCAGGGCTAC
840,CCTTCAGCCCTTGAGCCCTT,AAGGGCTCAAGGGCTGAAGG
841,AGCCCTTTAGCCCTTAAGCC,GGCTTAAGGGCTAAAGGGCT
842,AAGCCCATCAGCCCATGAGC,GCTCATGGGCTGATGGGCTT
843,CATGAGCCCATTAGCCCATA,TATGGGCTAATGGGCTCATG
844,AGCCGATGAGCCGATTAGCC,GGCTAATCGGCTCATCGGCT
845,CTCGAAGCCTCTCAGCCTCT,AGAGGCTGAGAGGCTTCGAG
846,AGCCTCTGAGCCTCTTAGCC,GGCTAAGAGGCTCAGAGGCT
847,CTTAGCCTCTAAGCCTCAAA,TTTGAGGCTTAGAGGCTAAG
848,CCTGAAAGCCTTCCAGCCTT,AAGGCTGGAAGGCTTTCAGG
849,CAGCCTTCGAGCCTTCTAGC,GCTAGAAGGCTCGAAGGCTG
850,TTCTAGCCTTCAAGCCTTGC,GCAAGGCTTGAAGGCTAGAA
851,GGAGCCTTGTAGCCTTGAAG,CTTCAAGGCTACAAGGCTCC
852,CTTGAAGCCTTTCAGCCTTT,AAAGGCTGAAAGGCTTCAAG
853,AGCCTTTGAGCCTTTTAGCC,GGCTAAAAGGCTCAAAGGCT
854,CCTTAAAGCCTACAAGCCTA,TAGGCTTGTAGGCTTTAAGG
855,AAGCCTAGAAGCCTATCAGC,GCTGATAGGCTTCTAGGCTT
856,TATCAGCCTATGAGCCTATT,AATAGGCTCATAGGCTGATA
857,GCCTATTAGCCTATAAGCCT,AGGCTTATAGGCTAATAGGC
858,AAAGCCATCCAGCCATCGAG,CTCGATGGCTGGATGGCTTT
859,CATCGAGCCATCTAGCCATC,GATGGCTAGATGGCTCGATG
860,AGCCATCAAGCCATGCAGCC,GGCTGCATGGCTTGATGGCT
861,AAGCCATTCAGCCATTGAGC,GCTCAATGGCTGAATGGCTT
862,GCCATTAAGCCATAAAGCCA,TGGCTTTATGGCTTAATGGC
863,ATGAGCGCATTAGCGCATAA,TTATGCGCTAATGCGCTCAT
864,GTGAGCGGGTTAGCGGGTAA,TTACCCGCTAACCCGCTCAC
865,GCGATCGAGCGATCTAGCGA,TCGCTAGATCGCTCGATCGC
866,CTAGCGATCAAGCGATGCAG,CTGCATCGCTTGATCGCTAG
867,GATGCAGCGATGGAGCGATG,CATCGCTCCATCGCTGCATC
868,TGAAGCGATTCAGCGATTGA,TCAATCGCTGAATCGCTTCA
869,CGATTGAGCGATTTAGCGAT,ATCGCTAAATCGCTCAATCG
870,TAGCGATTAAGCGATAAAGC,GCTTTATCGCTTAATCGCTA
871,CGTAGCTCCGAAGCTCCTCA,TGAGGAGCTTCGGAGCTACG
872,GAGCTCCTTAGCTCCTAAGC,GCTTAGGAGCTAAGGAGCTC
873,CCTAAGCTCCAAAGCTCGCC,GGCGAGCTTTGGAGCTTAGG
874,CGAGCTCTCTAGCTCTCAAG,CTTGAGAGCTAGAGAGCTCG
875,TCTCAAGCTCTGCAGCTCTG,CAGAGCTGCAGAGCTTGAGA
876,AGCTCTGGAGCTCTGTAGCT,AGCTACAGAGCTCCAGAGCT
877,TGTAGCTCTGAAGCTCTTCA,TGAAGAGCTTCAGAGCTACA
878,CTCTTCAGCTCTTGAGCTCT,AGAGCTCAAGAGCTGAAGAG
879,GAGCTCTTTAGCTCTTAAGC,GCTTAAGAGCTAAAGAGCTC
880,CTTAAGCTCTAAAGCTCACA,TGTGAGCTTTAGAGCTTAAG
881,GCTCACAAGCTCAGAAGCTC,GAGCTTCTGAGCTTGTGAGC
882,AGCTCATAAGCTCAAAAGCT,AGCTTTTGAGCTTATGAGCT
883,GAAGCTGCTCAGCTGCTGAG,CTCAGCAGCTGAGCAGCTTC
884,TGCTGAGCTGCTTAGCTGCT,AGCAGCTAAGCAGCTCAGCA
885,AGCTGCTAAGCTGCAAAGCT,AGCTTTGCAGCTTAGCAGCT
886,TGGTGAGCTGGTTAGCTGGT,ACCAGCTAACCAGCTCACCA
887,CAGCTGATGAGCTGATTAGC,GCTAATCAGCTCATCAGCTG
888,TTCCTAGCTTCCAAGCTTCG,CGAAGCTTGGAAGCTAGGAA
889,GCTTCAAAGCTTGCCAGCTT,AAGCTGGCAAGCTTTGAAGC
890,CTACCAAGCTACGAAGCTAC,GTAGCTTCGTAGCTTGGTAG
891,AAGCTACTAAGCTACAAAGC,GCTTTGTAGCTTAGTAGCTT
892,CTAGAAAGCTATCCAGCTAT,ATAGCTGGATAGCTTTCTAG
893,CAGCTATCGAGCTATCTAGC,GCTAGATAGCTCGATAGCTG
894,ATCTAGCTATCAAGCTATGC,GCATAGCTTGATAGCTAGAT
895,GCTATGCAGCTATGGAGCTA,TAGCTCCATAGCTGCATAGC
896,AGCACTCAAGCACTGAAGCA,TGCTTCAGTGCTTGAGTGCT
897,CAGCATCCGAGCATCCTAGC,GCTAGGATGCTCGGATGCTG
898,TCCTAGCATCCAAGCATCGC,GCGATGCTTGGATGCTAGGA
899,GCATCGCAGCATCGGAGCAT,ATGCTCCGATGCTGCGATGC
900,ATCGAAGCATCTCAGCATCT,AGATGCTGAGATGCTTCGAT
901,AGCATCTGAGCATCTTAGCA,TGCTAAGATGCTCAGATGCT
902,CATCAAAGCATGCCAGCATG,CATGCTGGCATGCTTTGATG
903,GCATGGCAGCATGGGAGCAT,ATGCTCCCATGCTGCCATGC
904,CATGAAAGCATTCCAGCATT,AATGCTGGAATGCTTTCATG
905,CAGCATTCGAGCATTCTAGC,GCTAGAATGCTCGAATGCTG
906,TTCTAGCATTCAAGCATTGC,GCAATGCTTGAATGCTAGAA
907,GCATTGCAGCATTGGAGCAT,ATGCTCCAATGCTGCAATGC
908,GGAGCATTGTAGCATTGAAG,CTTCAATGCTACAATGCTCC
909,AAGCATAGAAGCATATCAGC,GCTGATATGCTTCTATGCTT
910,CCTTCAGGCCTTGAGGCCTT,AAGGCCTCAAGGCCTGAAGG
911,AAGGCCATCAGGCCATGAGG,CCTCATGGCCTGATGGCCTT
912,CATGAGGCCATTAGGCCATA,TATGGCCTAATGGCCTCATG
913,AGGCGATGAGGCGATTAGGC,GCCTAATCGCCTCATCGCCT
914,AGGCTCTGAGGCTCTTAGGC,GCCTAAGAGCCTCAGAGCCT
915,TATCAGGCTATGAGGCTATT,AATAGCCTCATAGCCTGATA
916,GGCTATTAGGCTATAAGGCT,AGCCTTATAGCCTAATAGCC
917,GGCATCGAGGCATCTAGGCA,TGCCTAGATGCCTCGATGCC
918,CTAGGCATCAAGGCATGCAG,CTGCATGCCTTGATGCCTAG
919,CATGCAGGCATGGAGGCATG,CATGCCTCCATGCCTGCATG
920,TGAAGGCATTCAGGCATTGA,TCAATGCCTGAATGCCTTCA
921,GCATTGAGGCATTTAGGCAT,ATGCCTAAATGCCTCAATGC
922,TAGGCATTAAGGCATAAAGG,CCTTTATGCCTTAATGCCTA
923,GCATGAGGGCATTAGGGCAT,ATGCCCTAATGCCCTCATGC
924,CAGGGGATGAGGGGATTAGG,CCTAATCCCCTCATCCCCTG
925,TCCAGGGATCGAGGGATCTA,TAGATCCCTCGATCCCTGGA
926,GGATCTAGGGATCAAGGGAT,ATCCCTTGATCCCTAGATCC
927,AAGGGATGCAGGGATGGAGG,CCTCCATCCCTGCATCCCTT
928,GGGATGAAGGGATTCAGGGA,TCCCTGAATCCCTTCATCCC
929,TCAGGGATTGAGGGATTTAG,CTAAATCCCTCAATCCCTGA
930,TCTTGAGGTCTTTAGGTCTT,AAGACCTAAAGACCTCAAGA
931,AAGGACTGAAGGACTTAAGG,CCTTAAGTCCTTCAGTCCTT
932,GATCCCAGGATCCGAGGATC,GATCCTCGGATCCTGGGATC
933,TCCAAGGATCGCAGGATCGG,CCGATCCTGCGATCCTTGGA
934,ATCTCAGGATCTGAGGATCT,AGATCCTCAGATCCTGAGAT
935,AGGATCTTAGGATCTAAGGA,TCCTTAGATCCTAAGATCCT
936,CTAAGGATCAAAGGATGCCA,TGGCATCCTTTGATCCTTAG
937,GATGCCAGGATGCGAGGATG,CATCCTCGCATCCTGGCATC
938,TGCAAGGATGGCAGGATGGG,CCCATCCTGCCATCCTTGCA
939,GATTCCAGGATTCGAGGATT,AATCCTCGAATCCTGGAATC
940,GAGGATTCTAGGATTCAAGG,CCTTGAATCCTAGAATCCTC
941,TTCAAGGATTGCAGGATTGG,CCAATCCTGCAATCCTTGAA
942,GGATTGGAGGATTGTAGGAT,ATCCTACAATCCTCCAATCC
943,GTAGGATTGAAGGATTTCAG,CTGAAATCCTTCAATCCTAC
944,AAGGATATCAGGATATGAGG,CCTCATATCCTGATATCCTT
945,AGTCCCTGAGTCCCTTAGTC,GACTAAGGGACTCAGGGACT
946,AGTCCGTGAGTCCGTTAGTC,GACTAACGGACTCACGGACT
947,AGTCCTTGAGTCCTTTAGTC,GACTAAAGGACTCAAGGACT
948,AAGTCTTCCAGTCTTCGAGT,ACTCGAAGACTGGAAGACTT
949,TTCGAGTCTTCTAGTCTTCA,TGAAGACTAGAAGACTCGAA
950,GTCTTCAAGTCTTGCAGTCT,AGACTGCAAGACTTGAAGAC
951,GCAGTCTTGGAGTCTTGTAG,CTACAAGACTCCAAGACTGC
952,AGTCTTTCAGTCTTTGAGTC,GACTCAAAGACTGAAAGACT
953,AGTCATTCAGTCATTGAGTC,GACTCAATGACTGAATGACT
954,TGAGTGGGTTAGTGGGTAAG,CTTACCCACTAACCCACTCA
955,AGACCTGAAGACCTTAAGAC,GTCTTAAGGTCTTCAGGTCT
956,GACATCAAGACATGAAGACA,TGTCTTCATGTCTTGATGTC
957,GCATCATAGCATCAGAGCAT,ATGCTCTGATGCTATGATGC
958,AGAGCATGATAGCATGAGAG,CTCTCATGCTATCATGCTCT
959,AGCATTAGAGCATAAGAGCA,TGCTCTTATGCTCTAATGCT
960,AGGATCAGAGGATGATAGGA,TCCTATCATCCTCTGATCCT
961,AGAGCCATATAGCCATAGAG,CTCTATGGCTATATGGCTCT
962,AGCGATATAGCGATAGAGCG,CGCTCTATCGCTATATCGCT
963,AGAGGGATATAGGGATAGAG,CTCTATCCCTATATCCCTCT
964,GAGATCCATAGATCCAGAGA,TCTCTGGATCTATGGATCTC
965,CCAGAGATCGATAGATCGAG,CTCGATCTATCGATCTCTGG
966,TCAAGAGATGCATAGATGCA,TGCATCTATGCATCTCTTGA
967,AGATGCAGAGATGGATAGAT,ATCTATCCATCTCTGCATCT
968,AAGATCCCCAGATCCCGAGA,TCTCGGGATCTGGGGATCTT
969,GATCCCAAGATCCGCAGATC,GATCTGCGGATCTTGGGATC
970,AAGATCGCCAGATCGCGAGA,TCTCGCGATCTGGCGATCTT
971,GATCGCAAGATCGGCAGATC,GATCTGCCGATCTTGCGATC
972,AAGATCACAAGATCAGCAGA,TCTGCTGATCTTGTGATCTT
973,GAAGATCATCAGATCATGAG,CTCATGATCTGATGATCTTC
974,AAAAGATGCCCAGATGCCGA,TCGGCATCTGGGCATCTTTT
975,CAAAGATGGCCAGATGGCGA,TCGCCATCTGGCCATCTTTG
976,ATGAGCAGATGAGGAGATGA,TCATCTCCTCATCTGCTCAT
977,GAGAAGATGATCAGATGATG,CATCATCTGATCATCTTCTC
978,TGAAAAGATTCCCAGATTCC,GGAATCTGGGAATCTTTTCA
979,AGATTCCGAGATTCCTAGAT,ATCTAGGAATCTCGGAATCT
980,CCTAGATTCCAAGATTCGCA,TGCGAATCTTGGAATCTAGG
981,ATTCGCAGATTCGGAGATTC,GAATCTCCGAATCTGCGAAT
982,GAGATTCGTAGATTCGAAGA,TCTTCGAATCTACGAATCTC
983,TCGAAGATTCTCAGATTCTG,CAGAATCTGAGAATCTTCGA
984,TTCAAAGATTGCCAGATTGC,GCAATCTGGCAATCTTTGAA
985,AGATTGCGAGATTGCTAGAT,ATCTAGCAATCTCGCAATCT
986,GCTAGATTGCAAGATTGGCA,TGCCAATCTTGCAATCTAGC
987,ATTGGCAGATTGGGAGATTG,CAATCTCCCAATCTGCCAAT
988,GAGATTGGTAGATTGGAAGA,TCTTCCAATCTACCAATCTC
989,TGGAAGATTGTCAGATTGTG,CACAATCTGACAATCTTCCA
990,AGATAGCCAGATAGCGAGAT,ATCTCGCTATCTGGCTATCT
991,ATAGCAAGATAGGCAGATAG,CTATCTGCCTATCTTGCTAT
992,ATCCCGCTATCCCGCAATCC,GGATTGCGGGATAGCGGGAT
993,CCACAATCCCAGAATCCCAT,ATGGGATTCTGGGATTGTGG
994,ATCCCATAATCCCAAAATCC,GGATTTTGGGATTATGGGAT
995,AAAATCCGCCCATCCGCCGA,TCGGCGGATGGGCGGATTTT
996,TATCCGCCAATCCGCGCATC,GATGCGCGGATTGGCGGATA
997,CGCTGATCCGCTTATCCGCT,AGCGGATAAGCGGATCAGCG
998,TATCCGGCAATCCGGGCATC,GATGCCCGGATTGCCGGATA
999,CGGTGATCCGGTTATCCGGT,ACCGGATAACCGGATCACCG
1000,CCGAGAATCCGATAATCCGA,TCGGATTATCGGATTCTCGG
1001,AAATCCACCAATCCACGAAT,ATTCGTGGATTGGTGGATTT
1002,CACGAATCCACTAATCCACA,TGTGGATTAGTGGATTCGTG
1003,ATCCACAAATCCAGCAATCC,GGATTGCTGGATTTGTGGAT
1004,CCATCAATCCATGCATCCAT,ATGGATGCATGGATTGATGG
1005,TCCATTCATCCATTGATCCA,TGGATCAATGGATGAATGGA
1006,ATCGCCAAATCGCGCCATCG,CGATGGCGCGATTTGGCGAT
1007,ACAATCGCAGAATCGCATAA,TTATGCGATTCTGCGATTGT
1008,CGCATAATCGCAAAATCGGC,GCCGATTTTGCGATTATGCG
1009,CTGATCGGCTTATCGGCTAA,TTAGCCGATAAGCCGATCAG
1010,GTGATCGGGTTATCGGGTAA,TTACCCGATAACCCGATCAC
1011,AATCGGACAATCGGAGAATC,GATTCTCCGATTGTCCGATT
1012,GAGAATCGGATAATCGGAAA,TTTCCGATTATCCGATTCTC
1013,ATCGACCAATCGACGAATCG,CGATTCGTCGATTGGTCGAT
1014,CGAATCGACTAATCGACAAA,TTTGTCGATTAGTCGATTCG
1015,CGACAAATCGAGCAATCGAG,CTCGATTGCTCGATTTGTCG
1016,ATCGATTCATCGATTGATCG,CGATCAATCGATGAATCGAT
1017,TCCGGATCTCCGTATCTCCG,CGGAGATACGGAGATCCGGA
1018,GGTGATCTGGTTATCTGGTA,TACCAGATAACCAGATCACC
1019,ACCCAATCACCGAATCACCT,AGGTGATTCGGTGATTGGGT
1020,CAAATCACGCAATCACGGAA,TTCCGTGATTGCGTGATTTG
1021,AATCAGGCAATCAGGGAATC,GATTCCCTGATTGCCTGATT
1022,CAGAAAATCATCCCATGATC,GATCATGGGATGATTTTCTG
1023,CATGATCCCATTATCCCATC,GATGGGATAATGGGATCATG
1024,TCCCATCATCCGATGATCCG,CGGATCATCGGATGATGGGA
1025,ATCATCCAATCATCGCATGA,TCATGCGATGATTGGATGAT
1026,CGCATGATCGCATTATCGCA,TGCGATAATGCGATCATGCG
1027,TATGCCCCAATGCCCGCATG,CATGCGGGCATTGGGGCATA
1028,CCCTGATGCCCTTATGCCCT,AGGGCATAAGGGCATCAGGG
1029,GCCAGAATGCCATAATGCCA,TGGCATTATGGCATTCTGGC
1030,AATGCCAAAATGCGCCCATG,CATGGGCGCATTTTGGCATT
1031,AATGCGCAAATGCGGCCATG,CATGGCCGCATTTGCGCATT
1032,CCAATGCACGAATGCACTAA,TTAGTGCATTCGTGCATTGG
1033,GCACTAATGCACAAATGCAG,CTGCATTTGTGCATTAGTGC
1034,AATGCAGCAATGCAGGAATG,CATTCCTGCATTGCTGCATT
1035,TGCAGAAATGCATCAATGCA,TGCATTGATGCATTTCTGCA
1036,AAAATGGCCCCATGGCCCGA,TCGGGCCATGGGGCCATTTT
1037,GCGTGATGGCGTTATGGCGT,ACGCCATAACGCCATCACGC
1038,GGCAGAATGGCATAATGGCA,TGCCATTATGCCATTCTGCC
1039,CCAATGGACGAATGGACTAA,TTAGTCCATTCGTCCATTGG
1040,GGACTAATGGACAAATGGAG,CTCCATTTGTCCATTAGTCC
1041,AATGGAGCAATGGAGGAATG,CATTCCTCCATTGCTCCATT
1042,CCCAATGACCGAATGACCTA,TAGGTCATTCGGTCATTGGG
1043,TGACCTAATGACCAAATGAC,GTCATTTGGTCATTAGGTCA
1044,AAATGACGCAATGACGGAAT,ATTCCGTCATTGCGTCATTT
1045,ACGGAATGACGTAATGACGA,TCGTCATTACGTCATTCCGT
1046,TGACAAAATGAGCCAATGAG,CTCATTGGCTCATTTTGTCA
1047,CAATGAGCGAATGAGCTAAT,ATTAGCTCATTCGCTCATTG
1048,AGCTAATGAGCAAATGAGGC,GCCTCATTTGCTCATTAGCT
1049,ATGAGGCAATGAGGGAATGA,TCATTCCCTCATTGCCTCAT
1050,TGAGACAATGAGAGAATGAG,CTCATTCTCTCATTGTCTCA
1051,CTATTCCCCAATTCCCGCAT,ATGCGGGAATTGGGGAATAG
1052,ATTCCCGTATTCCCGAATTC,GAATTCGGGAATACGGGAAT
1053,TTCCGCGATTCCGCTATTCC,GGAATAGCGGAATCGCGGAA
1054,TTCCTCGATTCCTCTATTCC,GGAATAGAGGAATCGAGGAA
1055,ATTCGCCTATTCGCCAATTC,GAATTGGCGAATAGGCGAAT
1056,TTCGCTTATTCGCTAATTCG,CGAATTAGCGAATAAGCGAA
1057,ATTCGGCTATTCGGCAATTC,GAATTGCCGAATAGCCGAAT
1058,TTCGGTTATTCGGTAATTCG,CGAATTACCGAATAACCGAA
1059,CGACAATTCGAGAATTCGAT,ATCGAATTCTCGAATTGTCG
1060,TGCCAAATTGCGCCATTGCG,CGCAATGGCGCAATTTGGCA
1061,GCTAATTGGCAAATTGGGCC,GGCCCAATTTGCCAATTAGC
1062,GGTAATTGGGAAATTGGTCC,GGACCAATTTCCCAATTACC
1063,TTGGACAATTGGAGAATTGG,CCAATTCTCCAATTGTCCAA
1064,TGTCGCATTGTCGGATTGTC,GACAATCCGACAATGCGACA
1065,TTCCCCATTTCCCGATTTCC,GGAAATCGGGAAATGGGGAA
1066,TTTCGGGATTTCGGTATTTC,GAAATACCGAAATCCCGAAA
1067,CCCCAATACCCGAATACCCT,AGGGTATTCGGGTATTGGGG
1068,CCAATACGCGAATACGCTAA,TTAGCGTATTCGCGTATTGG
1069,ACGCTAATACGCAAATACGG,CCGTATTTGCGTATTAGCGT
1070,ATAGGCAAATAGGGCAATAG,CTATTGCCCTATTTGCCTAT
1071,ATCCCCATATCCCGATATCC,GGATATCGGGATATGGGGAT
1072,CCCAATATCCGCATATCCGG,CCGGATATGCGGATATTGGG
1073,AAATATGCCCATATGCCGAT,ATCGGCATATGGGCATATTT
1074,TGCCGATATGCCTATATGCC,GGCATATAGGCATATCGGCA
